trainee_id,name,birth_date,birth_place,birth_place_2,rating_track,final_rank,是否成团,show_name,query_primary,query_alt
chuang2021_001,刘宇,2000年8月24日（25岁）,安徽,,A→A→A→A→A→A,1,1,创造营2021,刘宇 创造营2021,刘宇 创4
chuang2021_002,赞多,1998年3月11日（28岁）,日本爱知,,A→C→A→A→A→A,2,1,创造营2021,赞多 创造营2021,赞多 创4
chuang2021_003,力丸,1993年11月2日（32岁）,日本兵库,,A→A→A→A→A→A,3,1,创造营2021,力丸 创造营2021,力丸 创4
chuang2021_004,米卡,1998年12月21日（27岁）,美国夏威夷,,F[注 2]→B→A→A→A→A,4,1,创造营2021,米卡 创造营2021,米卡 创4
chuang2021_005,高卿尘,1999年7月11日（26岁）,泰国曼谷,,B→C→B→B→B→A,5,1,创造营2021,高卿尘 创造营2021,高卿尘 创4
chuang2021_006,林墨,2002年1月6日（24岁）,重庆,,A→B→A→A→A→A,6,1,创造营2021,林墨 创造营2021,林墨 创4
chuang2021_007,伯远,1993年2月11日（33岁）,贵州,,A→B→A→B→A→B,7,1,创造营2021,伯远 创造营2021,伯远 创4
chuang2021_008,张嘉元,2003年1月8日（23岁）,辽宁营口,,C→B→C→A→A→A,8,1,创造营2021,张嘉元 创造营2021,张嘉元 创4
chuang2021_009,尹浩宇,2003年10月20日（22岁）,德国,,F[注 2]→C→A→A→A→A,9,1,创造营2021,尹浩宇 创造营2021,尹浩宇 创4
chuang2021_010,周柯宇,2002年5月17日（23岁）,美国,,F[注 2]→C→C→A→A→A,10,1,创造营2021,周柯宇 创造营2021,周柯宇 创4
chuang2021_011,刘彰,1999年12月18日（26岁）,广东珠海,,F[注 2]→B→B→B→B→B,11,1,创造营2021,刘彰 创造营2021,刘彰 创4
chuang2021_012,庆怜,2001年4月12日（24岁）,,古巴,B→C→B→A→B→A,12,0,创造营2021,庆怜 创造营2021,庆怜 创4
chuang2021_013,奥斯卡,1998年7月30日（27岁）,,巴西,A→C→B→A→A→B,13,0,创造营2021,奥斯卡 创造营2021,奥斯卡 创4
chuang2021_014,甘望星,2000年7月17日（25岁）,,湖南,C→C→C→B→A→B,14,0,创造营2021,甘望星 创造营2021,甘望星 创4
chuang2021_015,井汲大翔,2002年8月23日（23岁）,,日本大阪,B→A→B→B→B→B,15,0,创造营2021,井汲大翔 创造营2021,井汲大翔 创4
chuang2021_016,张星特,2003年2月11日（23岁）,,浙江温州,B→B→B→B→B→B,16,0,创造营2021,张星特 创造营2021,张星特 创4
chuang2021_017,利路修,1994年1月23日（32岁）,,俄罗斯海参崴,F→B→F→B→B→A,17,0,创造营2021,利路修 创造营2021,利路修 创4
chuang2021_018,吴宇恒,1996年9月11日（29岁）,,四川成都,C→A→A→B→B→B,18,0,创造营2021,吴宇恒 创造营2021,吴宇恒 创4
chuang2021_019,任胤蓬,1999年9月12日（26岁）,,重庆,C→A→F→A→B→B,19,0,创造营2021,任胤蓬 创造营2021,任胤蓬 创4
chuang2021_020,张欣尧,1994年11月21日（31岁）,,内蒙古赤峰,C→B→B→B→B→B,20,0,创造营2021,张欣尧 创造营2021,张欣尧 创4
chuang2021_021,俞更寅,1996年4月28日（29岁）,,广东汕尾,A→B→A→B→B→B,21,0,创造营2021,俞更寅 创造营2021,俞更寅 创4
chuang2021_022,付思超,1999年11月11日（26岁）,,北京,C→B→F→B→B→B,22,0,创造营2021,付思超 创造营2021,付思超 创4
chuang2021_023,胡烨韬,2000年9月22日（25岁）,,江苏,A→A→A→B→B→B,23,0,创造营2021,胡烨韬 创造营2021,胡烨韬 创4
chuang2021_024,羽生田挙武,1997年11月26日（28岁）,,日本东京,B→F→B→B→B→B,24,0,创造营2021,羽生田挙武 创造营2021,羽生田挙武 创4
chuang2021_025,薛八一,1999年8月1日（26岁）,,山西,C→B→F→B→B→B,25,0,创造营2021,薛八一 创造营2021,薛八一 创4
chuang2021_026,井胧,1997年7月7日（28岁）,,辽宁沈阳,B→C→B→B→B,26,0,创造营2021,井胧 创造营2021,井胧 创4
chuang2021_027,曾涵江,2000年5月23日（25岁）,,四川,B→B→F→C→B,27,0,创造营2021,曾涵江 创造营2021,曾涵江 创4
chuang2021_028,谢兴阳,1999年7月22日（26岁）,,浙江杭州,F→B→C→B→B,28,0,创造营2021,谢兴阳 创造营2021,谢兴阳 创4
chuang2021_029,吴海,1997年11月17日（28岁）,,重庆,B→B→B→C→B,29,0,创造营2021,吴海 创造营2021,吴海 创4
chuang2021_030,何屹繁,1998年8月22日（27岁）,,四川宜宾,C→F→C→B→B,30,0,创造营2021,何屹繁 创造营2021,何屹繁 创4
chuang2021_031,魏子越,1998年8月25日（27岁）,,湖北,C→A→C→C→B,31,0,创造营2021,魏子越 创造营2021,魏子越 创4
chuang2021_032,张腾,1999年7月22日（26岁）,,河北秦皇岛,C→B→F→B→B,32,0,创造营2021,张腾 创造营2021,张腾 创4
chuang2021_033,荣耀,2000年6月22日（25岁）,,新疆,C→F→C→C→B,33,0,创造营2021,荣耀 创造营2021,荣耀 创4
chuang2021_034,贵尚奇,1996年11月1日（29岁）,,四川,F→F→C→C,34,0,创造营2021,贵尚奇 创造营2021,贵尚奇 创4
chuang2021_035,上原一翔,1992年10月28日（33岁）,,日本东京,B→F→F→C,35,0,创造营2021,上原一翔 创造营2021,上原一翔 创4
chuang2021_036,诺言,1999年12月3日（26岁）,,广东汕头,C→C→F→C,36,0,创造营2021,诺言 创造营2021,诺言 创4
chuang2021_037,罗言,2003年3月21日（23岁）,,重庆,B→A→C→C,37,0,创造营2021,罗言 创造营2021,罗言 创4
chuang2021_038,佐藤永翔,2003年11月4日（22岁）,,日本神奈川,C→F→F→C,38,0,创造营2021,佐藤永翔 创造营2021,佐藤永翔 创4
chuang2021_039,叶皓然,1999年8月14日（26岁）,,浙江,C→F→F→C,39,0,创造营2021,叶皓然 创造营2021,叶皓然 创4
chuang2021_040,韩佩泉,2000年2月27日（26岁）,,黑龙江大庆,A→F→F→B,40,0,创造营2021,韩佩泉 创造营2021,韩佩泉 创4
chuang2021_041,陆定昊,1995年7月27日（30岁）,,上海,F→B→F→B,41,0,创造营2021,陆定昊 创造营2021,陆定昊 创4
chuang2021_042,邵明明,1997年10月25日（28岁）,,上海,C→F→F→B,42,0,创造营2021,邵明明 创造营2021,邵明明 创4
chuang2021_043,李洛尔,2001年12月19日（24岁）,,北京,B→A→C→C,43,0,创造营2021,李洛尔 创造营2021,李洛尔 创4
chuang2021_044,于洋,1999年9月19日（26岁）,,河北,A→C→B→C,44,0,创造营2021,于洋 创造营2021,于洋 创4
chuang2021_045,王孝辰,1998年1月7日（28岁）,,湖北,F→B→B→C,45,0,创造营2021,王孝辰 创造营2021,王孝辰 创4
chuang2021_046,屈柏宇,2001年6月18日（24岁）,,四川,F→F→F→C,46,0,创造营2021,屈柏宇 创造营2021,屈柏宇 创4
chuang2021_047,蒋敦豪,1995年5月21日（30岁）,,新疆,F→F→B→C,47,0,创造营2021,蒋敦豪 创造营2021,蒋敦豪 创4
chuang2021_048,代少冬,1997年12月30日（28岁）,,辽宁营口,B[注 2]→F→B→C,48,0,创造营2021,代少冬 创造营2021,代少冬 创4
chuang2021_049,黄鲲,1995年12月10日（30岁）,,福建,C→F→C→C,49,0,创造营2021,黄鲲 创造营2021,黄鲲 创4
chuang2021_050,一之濑飞鸟,1995年7月21日（30岁）,,日本横滨,F→F→F→B,50,0,创造营2021,一之濑飞鸟 创造营2021,一之濑飞鸟 创4
chuang2021_051,何圳煜,1999年12月15日（26岁）,,香港,B→C→B→C,51,0,创造营2021,何圳煜 创造营2021,何圳煜 创4
chuang2021_052,徐绍岚,2003年4月15日（22岁）,,重庆,B→A→C→C,52,0,创造营2021,徐绍岚 创造营2021,徐绍岚 创4
chuang2021_053,何懿峻,2000年11月6日（25岁）,,浙江,F→B→F→C,53,0,创造营2021,何懿峻 创造营2021,何懿峻 创4
chuang2021_054,张璋,1999年8月2日（26岁）,,安徽,F→B→C→C,54,0,创造营2021,张璋 创造营2021,张璋 创4
chuang2021_055,范臻尔,1996年11月6日（29岁）,,山东,C→C→C→C,55,0,创造营2021,范臻尔 创造营2021,范臻尔 创4
chuang2021_056,大卫,1993年1月9日（33岁）,,俄罗斯弗拉季卡夫卡兹,C→B→F,56,0,创造营2021,大卫 创造营2021,大卫 创4
chuang2021_057,李泽坤,2000年11月28日（25岁）,,山东,F→B→F,57,0,创造营2021,李泽坤 创造营2021,李泽坤 创4
chuang2021_058,林煜修,1999年10月26日（26岁）,,台湾,F→B→F,58,0,创造营2021,林煜修 创造营2021,林煜修 创4
chuang2021_059,李家豪,1997年12月20日（28岁）,,重庆,C→F→C,59,0,创造营2021,李家豪 创造营2021,李家豪 创4
chuang2021_060,都筑雄哉,1999年9月6日（26岁）,,日本名古屋,C→C→F,60,0,创造营2021,都筑雄哉 创造营2021,都筑雄哉 创4
chuang2021_061,刘唐辉,2000年7月20日（25岁）,,重庆,F→B→F,61,0,创造营2021,刘唐辉 创造营2021,刘唐辉 创4
chuang2021_062,怿涵,2002年8月20日（23岁）,,北京朝阳区,C→A→F,62,0,创造营2021,怿涵 创造营2021,怿涵 创4
chuang2021_063,喜内优心,2001年1月22日（25岁）,,日本千叶,F→B→C,63,0,创造营2021,喜内优心 创造营2021,喜内优心 创4
chuang2021_064,李嘉祥,1997年2月17日（29岁）,,辽宁大连,A→C→C,64,0,创造营2021,李嘉祥 创造营2021,李嘉祥 创4
chuang2021_065,赖耀翔,1997年5月14日（28岁）,,台湾,F→F→A,65,0,创造营2021,赖耀翔 创造营2021,赖耀翔 创4
chuang2021_066,曹左,1996年11月8日（29岁）,,重庆,F→B→B,66,0,创造营2021,曹左 创造营2021,曹左 创4
chuang2021_067,凌箫,1998年8月26日（27岁）,,新疆,C→C→F,67,0,创造营2021,凌箫 创造营2021,凌箫 创4
chuang2021_068,李沛洋,1997年7月5日（28岁）,,河南,F→B→F,68,0,创造营2021,李沛洋 创造营2021,李沛洋 创4
chuang2021_069,李政庭,2001年1月1日（25岁）,,重庆,F→F→C,69,0,创造营2021,李政庭 创造营2021,李政庭 创4
chuang2021_070,门胁慎刚,1994年7月8日（31岁）,,日本大阪,B→B→B,70,0,创造营2021,门胁慎刚 创造营2021,门胁慎刚 创4
chuang2021_071,林豆,1996年12月6日（29岁）,,日本神奈川,F→F→F,71,0,创造营2021,林豆 创造营2021,林豆 创4
chuang2021_072,原部凌,2003年7月21日（22岁）,,日本福冈,B→B→B,72,0,创造营2021,原部凌 创造营2021,原部凌 创4
chuang2021_073,陈俊洁,2000年11月8日（25岁）,,新疆,C→B→F,73,0,创造营2021,陈俊洁 创造营2021,陈俊洁 创4
chuang2021_074,肖力桓,1999年8月23日（26岁）,,浙江,C→B→C,74,0,创造营2021,肖力桓 创造营2021,肖力桓 创4
chuang2021_075,刘严冬季,2000年2月15日（26岁）,,四川,C→F→F,75,0,创造营2021,刘严冬季 创造营2021,刘严冬季 创4
chuang2021_076,郑明鑫,2003年2月6日（23岁）,,河南郑州,F→B→F,76,0,创造营2021,郑明鑫 创造营2021,郑明鑫 创4
chuang2021_077,刘聪,2001年9月29日（24岁）,,广东,C→F→F,77,0,创造营2021,刘聪 创造营2021,刘聪 创4
chuang2021_078,田口馨也,2003年1月20日（23岁）,,日本茨城,F→B→F,78,0,创造营2021,田口馨也 创造营2021,田口馨也 创4
chuang2021_079,谷柳霖,2000年4月5日（25岁）,,河南漯河,B→C→B,79,0,创造营2021,谷柳霖 创造营2021,谷柳霖 创4
chuang2021_080,韦语节,2002年8月1日（23岁）,,重庆,F→B→C,80,0,创造营2021,韦语节 创造营2021,韦语节 创4
chuang2021_081,安迪,1993年5月23日（32岁）,,乌克兰胡利亚伊波莱,B→F→B,81,0,创造营2021,安迪 创造营2021,安迪 创4
chuang2021_082,阿克朱力,2002年2月23日（24岁）,,新疆,F→B→F,82,0,创造营2021,阿克朱力 创造营2021,阿克朱力 创4
chuang2021_083,钱政宇,2002年10月7日（23岁）,,黑龙江哈尔滨,F→B→F,83,0,创造营2021,钱政宇 创造营2021,钱政宇 创4
chuang2021_084,卢克,1995年6月28日（30岁）,,美国西雅图,C→F→C,84,0,创造营2021,卢克 创造营2021,卢克 创4
chuang2021_085,陈瑞丰,1994年11月21日（31岁）,,重庆,C→C→F,85,0,创造营2021,陈瑞丰 创造营2021,陈瑞丰 创4
chuang2021_086,李泰龙,2000年4月12日（25岁）,,河南郑州,C→F→F,86,0,创造营2021,李泰龙 创造营2021,李泰龙 创4
chuang2021_087,隅田隼平,1996年10月25日（29岁）,,日本东京,F→F→B,87,0,创造营2021,隅田隼平 创造营2021,隅田隼平 创4
chuang2021_088,徐圣兹,1999年12月18日（26岁）,,浙江,B→F→B,88,0,创造营2021,徐圣兹 创造营2021,徐圣兹 创4
chuang2021_089,王泽浩,1999年3月19日（27岁）,,湖南长沙,B→C→C,89,0,创造营2021,王泽浩 创造营2021,王泽浩 创4
chuang2021_090,和马,2000年5月15日（25岁）,,美国纽约,C→C→F,退赛,0,创造营2021,和马 创造营2021,和马 创4
