trainee_id,trainee_name,final_rank,is_debut,total_posts,total_engagement,first_week_engagement,finals_week_engagement,peak_week,peak_engagement,peak_over_first_engagement,finals_over_first_engagement,post_count_growth,engagement_per_post
chuang2021_001,刘宇,1,1,143,1107,342,210,1,342,1.0,0.614035,0.869565,7.741259
chuang2021_002,赞多,2,1,138,65124,4802,50108,6,50108,10.434819,10.434819,0.96,471.913043
chuang2021_003,力丸,3,1,127,2588,287,1226,6,1226,4.271777,4.271777,0.894737,20.377953
chuang2021_004,米卡,4,1,137,14716,367,638,4,12845,35.0,1.73842,1.368421,107.416058
chuang2021_005,高卿尘,5,1,150,53396,15617,13123,1,15617,1.0,0.840302,1.0,355.973333
chuang2021_006,林墨,6,1,147,11807,147,10283,6,10283,69.952381,69.952381,1.0,80.319728
chuang2021_007,伯远,7,1,156,28026,16701,9773,1,16701,1.0,0.585175,1.0,179.653846
chuang2021_008,张嘉元,8,1,126,26584,223,831,3,12693,56.919283,3.726457,1.368421,210.984127
chuang2021_009,尹浩宇,9,1,143,3303,322,1839,6,1839,5.71118,5.71118,0.92,23.097902
chuang2021_010,周柯宇,10,1,129,2507,161,1433,6,1433,8.900621,8.900621,0.962963,19.434109
chuang2021_011,刘彰,11,1,139,81991,21075,58424,6,58424,2.772195,2.772195,1.227273,589.863309
chuang2021_012,庆怜,12,0,135,15274,11598,125,1,11598,1.0,0.010778,1.095238,113.140741
chuang2021_013,奥斯卡,13,0,140,137884,1601,627,5,121907,76.144285,0.39163,1.0,984.885714
chuang2021_014,甘望星,14,0,130,6537,260,65,3,3841,14.773077,0.25,0.875,50.284615
chuang2021_015,井汲大翔,15,0,143,7680,624,905,2,4264,6.833333,1.450321,1.368421,53.706294
chuang2021_016,张星特,16,0,148,107460,20877,54,2,73641,3.527375,0.002587,1.04,726.081081
chuang2021_017,利路修,17,0,140,29229,22611,1104,1,22611,1.0,0.048826,1.0,208.778571
chuang2021_018,吴宇恒,18,0,139,17178,16337,233,1,16337,1.0,0.014262,1.095238,123.582734
chuang2021_019,任胤蓬,19,0,118,8315,440,34,4,3759,8.543182,0.077273,0.952381,70.466102
chuang2021_020,张欣尧,20,0,146,33998,28226,307,1,28226,1.0,0.010876,1.0,232.863014
chuang2021_021,俞更寅,21,0,152,2916,1026,327,1,1026,1.0,0.318713,0.962963,19.184211
chuang2021_022,付思超,22,0,141,101793,35783,35434,1,35783,1.0,0.990247,0.92,721.93617
chuang2021_023,胡烨韬,23,0,143,17188,15400,91,1,15400,1.0,0.005909,0.884615,120.195804
chuang2021_024,羽生田挙武,24,0,125,97752,16085,1339,5,74723,4.645508,0.083245,1.111111,782.016
chuang2021_025,薛八一,25,0,135,28219,23965,2244,1,23965,1.0,0.093637,1.095238,209.02963
chuang2021_026,井胧,26,0,157,2441,1668,438,1,1668,1.0,0.26259,1.045455,15.547771
chuang2021_027,曾涵江,27,0,150,13642,5129,651,1,5129,1.0,0.126925,0.92,90.946667
chuang2021_028,谢兴阳,28,0,135,15488,4597,860,5,8846,1.924298,0.187079,1.041667,114.725926
chuang2021_029,吴海,29,0,137,35975,16378,187,1,16378,1.0,0.011418,1.043478,262.591241
chuang2021_030,何屹繁,30,0,150,51656,27692,10392,1,27692,1.0,0.375271,1.041667,344.373333
chuang2021_031,魏子越,31,0,144,287497,18560,11242,5,215033,11.58583,0.605711,0.821429,1996.506944
chuang2021_032,张腾,32,0,131,22214,19282,275,1,19282,1.0,0.014262,0.538462,169.572519
chuang2021_033,荣耀,33,0,146,42300,27655,146,1,27655,1.0,0.005279,0.958333,289.726027
chuang2021_034,贵尚奇,34,0,149,318004,25466,86747,4,98428,3.865075,3.406385,1.0,2134.255034
chuang2021_035,上原一翔,35,0,146,52699,26120,17381,1,26120,1.0,0.665429,1.038462,360.952055
chuang2021_036,诺言,36,0,130,36258,15818,2578,1,15818,1.0,0.162979,1.1,278.907692
chuang2021_037,罗言,37,0,121,57952,25159,1525,2,27251,1.083151,0.060614,1.090909,478.942149
chuang2021_038,佐藤永翔,38,0,153,37853,23034,1878,1,23034,1.0,0.081532,1.0,247.405229
chuang2021_039,叶皓然,39,0,135,85870,27106,18031,4,28642,1.056666,0.665203,1.0,636.074074
chuang2021_040,韩佩泉,40,0,138,18817,4656,546,2,6642,1.426546,0.117268,1.136364,136.355072
chuang2021_041,陆定昊,41,0,125,154492,42193,9107,4,90599,2.147252,0.215841,1.0,1235.936
chuang2021_042,邵明明,42,0,144,187537,1556,175580,6,175580,112.840617,112.840617,1.0,1302.340278
chuang2021_043,李洛尔,43,0,119,34237,25712,596,1,25712,1.0,0.02318,0.818182,287.705882
chuang2021_044,于洋,44,0,133,95843,35121,151,1,35121,1.0,0.004299,1.142857,720.62406
chuang2021_045,王孝辰,45,0,133,34110,23765,1079,1,23765,1.0,0.045403,1.142857,256.466165
chuang2021_046,屈柏宇,46,0,142,104303,77706,990,1,77706,1.0,0.01274,0.791667,734.528169
chuang2021_047,蒋敦豪,47,0,145,36385,24371,3352,1,24371,1.0,0.137541,1.0,250.931034
chuang2021_048,代少冬,48,0,146,215761,31132,177936,6,177936,5.715534,5.715534,0.807692,1477.815068
chuang2021_049,黄鲲,49,0,142,182038,42790,107983,6,107983,2.523557,2.523557,0.96,1281.957746
chuang2021_050,一之濑飞鸟,50,0,136,338232,27749,175434,6,175434,6.322174,6.322174,1.041667,2487.0
chuang2021_051,何圳煜,51,0,135,89985,25702,588,5,60440,2.351568,0.022878,1.181818,666.555556
chuang2021_052,徐绍岚,52,0,142,234881,36819,169975,6,169975,4.616502,4.616502,1.0,1654.091549
chuang2021_053,何懿峻,53,0,117,341337,30124,186722,6,186722,6.198446,6.198446,0.913043,2917.410256
chuang2021_054,张璋,54,0,149,94870,23585,17112,2,47473,2.012847,0.725546,1.125,636.711409
chuang2021_055,范臻尔,55,0,142,370821,27480,112256,6,112256,4.085007,4.085007,0.769231,2611.415493
chuang2021_056,大卫,56,0,125,55901,27149,7550,1,27149,1.0,0.278095,1.142857,447.208
chuang2021_057,李泽坤,57,0,113,85099,25582,2178,3,57239,2.237472,0.085138,0.434783,753.088496
chuang2021_058,林煜修,58,0,134,27714,23845,1153,1,23845,1.0,0.048354,1.090909,206.820896
chuang2021_059,李家豪,59,0,129,33363,24513,152,1,24513,1.0,0.006201,0.730769,258.627907
chuang2021_060,都筑雄哉,60,0,125,117584,29332,4496,2,73741,2.514012,0.15328,0.409091,940.672
chuang2021_061,刘唐辉,61,0,136,42634,23686,592,1,23686,1.0,0.024994,0.916667,313.485294
chuang2021_062,怿涵,62,0,144,27691,24047,1023,1,24047,1.0,0.042542,1.04,192.298611
chuang2021_063,喜内优心,63,0,149,75007,34510,650,1,34510,1.0,0.018835,1.217391,503.402685
chuang2021_064,李嘉祥,64,0,143,134769,1851,1180,2,75271,40.665046,0.637493,1.0,942.440559
chuang2021_065,赖耀翔,65,0,137,31369,24525,316,1,24525,1.0,0.012885,0.863636,228.970803
chuang2021_066,曹左,66,0,134,35242,27149,435,1,27149,1.0,0.016023,0.692308,263.0
chuang2021_067,凌箫,67,0,132,79694,25174,492,4,51576,2.04878,0.019544,0.85,603.742424
chuang2021_068,李沛洋,68,0,154,34828,23865,4708,1,23865,1.0,0.197276,0.923077,226.155844
chuang2021_069,李政庭,69,0,132,30654,23842,756,1,23842,1.0,0.031709,1.15,232.227273
chuang2021_070,门胁慎刚,70,0,140,56985,25035,2555,1,25035,1.0,0.102057,1.083333,407.035714
chuang2021_071,林豆,71,0,131,64662,15107,3805,5,19304,1.277818,0.25187,0.56,493.603053
chuang2021_072,原部凌,72,0,159,86081,19842,21620,4,26593,1.340238,1.089608,1.08,541.389937
chuang2021_073,陈俊洁,73,0,150,38732,27278,650,1,27278,1.0,0.023829,1.04,258.213333
chuang2021_074,肖力桓,74,0,154,51265,23561,237,1,23561,1.0,0.010059,1.217391,332.88961
chuang2021_075,刘严冬季,75,0,108,46035,25278,4774,1,25278,1.0,0.18886,0.272727,426.25
chuang2021_076,郑明鑫,76,0,157,36921,26068,3030,1,26068,1.0,0.116234,1.318182,235.165605
chuang2021_077,刘聪,77,0,112,43791,25103,11888,1,25103,1.0,0.473569,0.88,390.991071
chuang2021_078,田口馨也,78,0,93,141573,30092,252,4,99086,3.292769,0.008374,0.571429,1522.290323
chuang2021_079,谷柳霖,79,0,120,68581,31486,112,1,31486,1.0,0.003557,0.333333,571.508333
chuang2021_080,韦语节,80,0,148,55024,23711,1153,3,27044,1.140568,0.048627,1.08,371.783784
chuang2021_081,安迪,81,0,140,72390,16322,9683,4,19940,1.221664,0.593248,0.92,517.071429
chuang2021_082,阿克朱力,82,0,93,89330,34839,79,2,48410,1.389535,0.002268,0.5,960.537634
chuang2021_083,钱政宇,83,0,110,39910,24912,4776,1,24912,1.0,0.191715,0.894737,362.818182
chuang2021_084,卢克,84,0,95,117265,34440,173,2,56830,1.650116,0.005023,0.227273,1234.368421
chuang2021_085,陈瑞丰,85,0,124,50253,33910,622,1,33910,1.0,0.018343,0.8,405.266129
chuang2021_086,李泰龙,86,0,110,83620,50324,108,1,50324,1.0,0.002146,0.25,760.181818
chuang2021_087,隅田隼平,87,0,100,53090,30081,285,1,30081,1.0,0.009474,0.473684,530.9
chuang2021_088,徐圣兹,88,0,139,76873,25346,364,4,27161,1.071609,0.014361,0.48,553.043165
chuang2021_089,王泽浩,89,0,101,102180,25103,104,4,54173,2.158029,0.004143,0.2,1011.683168
chuang2021_090,和马,退赛,0,127,13108,3544,5743,6,5743,1.620485,1.620485,0.913043,103.212598
