trainee_id,trainee_name,week_no,window_label,post_count,reposts_sum,comment_sum,like_sum,engagement_sum
chuang2021_001,刘宇,1,初评级阶段,23,3,61,217,342
chuang2021_001,刘宇,2,小组竞演与主题曲阶段,25,0,16,54,86
chuang2021_001,刘宇,3,首次排名阶段,26,0,34,103,171
chuang2021_001,刘宇,4,位置测评与第二次排名阶段,26,0,35,165,235
chuang2021_001,刘宇,5,主题考核与第三次排名阶段,23,0,14,35,63
chuang2021_001,刘宇,6,决赛阶段,20,0,27,156,210
chuang2021_002,赞多,1,初评级阶段,25,285,478,3561,4802
chuang2021_002,赞多,2,小组竞演与主题曲阶段,19,291,265,3326,4147
chuang2021_002,赞多,3,首次排名阶段,20,1,37,82,157
chuang2021_002,赞多,4,位置测评与第二次排名阶段,26,3,47,119,216
chuang2021_002,赞多,5,主题考核与第三次排名阶段,24,406,812,3664,5694
chuang2021_002,赞多,6,决赛阶段,24,985,3385,42353,50108
chuang2021_003,力丸,1,初评级阶段,19,1,48,190,287
chuang2021_003,力丸,2,小组竞演与主题曲阶段,23,6,10,98,124
chuang2021_003,力丸,3,首次排名阶段,25,3,99,575,776
chuang2021_003,力丸,4,位置测评与第二次排名阶段,23,2,4,130,140
chuang2021_003,力丸,5,主题考核与第三次排名阶段,20,0,0,35,35
chuang2021_003,力丸,6,决赛阶段,17,7,167,885,1226
chuang2021_004,米卡,1,初评级阶段,19,1,66,234,367
chuang2021_004,米卡,2,小组竞演与主题曲阶段,23,8,35,353,431
chuang2021_004,米卡,3,首次排名阶段,21,3,51,253,358
chuang2021_004,米卡,4,位置测评与第二次排名阶段,22,281,906,10752,12845
chuang2021_004,米卡,5,主题考核与第三次排名阶段,26,0,17,43,77
chuang2021_004,米卡,6,决赛阶段,26,29,96,417,638
chuang2021_005,高卿尘,1,初评级阶段,25,158,1118,13223,15617
chuang2021_005,高卿尘,2,小组竞演与主题曲阶段,26,13,38,88,177
chuang2021_005,高卿尘,3,首次排名阶段,25,2,32,91,157
chuang2021_005,高卿尘,4,位置测评与第二次排名阶段,25,35,648,9259,10590
chuang2021_005,高卿尘,5,主题考核与第三次排名阶段,24,520,946,11320,13732
chuang2021_005,高卿尘,6,决赛阶段,25,480,1014,10615,13123
chuang2021_006,林墨,1,初评级阶段,25,36,13,85,147
chuang2021_006,林墨,2,小组竞演与主题曲阶段,21,3,19,541,582
chuang2021_006,林墨,3,首次排名阶段,25,23,18,107,166
chuang2021_006,林墨,4,位置测评与第二次排名阶段,29,35,41,255,372
chuang2021_006,林墨,5,主题考核与第三次排名阶段,22,0,24,209,257
chuang2021_006,林墨,6,决赛阶段,25,323,786,8388,10283
chuang2021_007,伯远,1,初评级阶段,27,381,1194,13932,16701
chuang2021_007,伯远,2,小组竞演与主题曲阶段,24,0,34,144,212
chuang2021_007,伯远,3,首次排名阶段,27,1,7,48,63
chuang2021_007,伯远,4,位置测评与第二次排名阶段,24,35,276,611,1198
chuang2021_007,伯远,5,主题考核与第三次排名阶段,27,1,9,60,79
chuang2021_007,伯远,6,决赛阶段,27,321,725,8002,9773
chuang2021_008,张嘉元,1,初评级阶段,19,6,68,81,223
chuang2021_008,张嘉元,2,小组竞演与主题曲阶段,16,7,21,150,199
chuang2021_008,张嘉元,3,首次排名阶段,23,61,608,11416,12693
chuang2021_008,张嘉元,4,位置测评与第二次排名阶段,21,215,650,9588,11103
chuang2021_008,张嘉元,5,主题考核与第三次排名阶段,21,115,99,1222,1535
chuang2021_008,张嘉元,6,决赛阶段,26,2,112,605,831
chuang2021_009,尹浩宇,1,初评级阶段,25,0,49,224,322
chuang2021_009,尹浩宇,2,小组竞演与主题曲阶段,24,0,1,11,13
chuang2021_009,尹浩宇,3,首次排名阶段,22,3,21,102,147
chuang2021_009,尹浩宇,4,位置测评与第二次排名阶段,25,2,151,482,786
chuang2021_009,尹浩宇,5,主题考核与第三次排名阶段,24,1,16,163,196
chuang2021_009,尹浩宇,6,决赛阶段,23,44,292,1211,1839
chuang2021_010,周柯宇,1,初评级阶段,27,8,31,91,161
chuang2021_010,周柯宇,2,小组竞演与主题曲阶段,23,2,12,527,553
chuang2021_010,周柯宇,3,首次排名阶段,22,0,4,25,33
chuang2021_010,周柯宇,4,位置测评与第二次排名阶段,14,0,6,17,29
chuang2021_010,周柯宇,5,主题考核与第三次排名阶段,17,6,40,212,298
chuang2021_010,周柯宇,6,决赛阶段,26,14,183,1053,1433
chuang2021_011,刘彰,1,初评级阶段,22,717,1331,17696,21075
chuang2021_011,刘彰,2,小组竞演与主题曲阶段,21,7,32,159,230
chuang2021_011,刘彰,3,首次排名阶段,24,1,14,107,136
chuang2021_011,刘彰,4,位置测评与第二次排名阶段,23,25,315,1353,2008
chuang2021_011,刘彰,5,主题考核与第三次排名阶段,22,0,19,80,118
chuang2021_011,刘彰,6,决赛阶段,27,4843,4811,43959,58424
chuang2021_012,庆怜,1,初评级阶段,21,110,502,10484,11598
chuang2021_012,庆怜,2,小组竞演与主题曲阶段,26,3,59,501,622
chuang2021_012,庆怜,3,首次排名阶段,19,3,10,95,118
chuang2021_012,庆怜,4,位置测评与第二次排名阶段,22,1,691,333,1716
chuang2021_012,庆怜,5,主题考核与第三次排名阶段,24,3,274,544,1095
chuang2021_012,庆怜,6,决赛阶段,23,2,22,79,125
chuang2021_013,奥斯卡,1,初评级阶段,24,147,289,876,1601
chuang2021_013,奥斯卡,2,小组竞演与主题曲阶段,25,435,633,1609,3310
chuang2021_013,奥斯卡,3,首次排名阶段,20,0,26,77,129
chuang2021_013,奥斯卡,4,位置测评与第二次排名阶段,24,28,594,9094,10310
chuang2021_013,奥斯卡,5,主题考核与第三次排名阶段,23,121761,21,104,121907
chuang2021_013,奥斯卡,6,决赛阶段,24,3,105,414,627
chuang2021_014,甘望星,1,初评级阶段,24,30,56,118,260
chuang2021_014,甘望星,2,小组竞演与主题曲阶段,23,196,216,883,1511
chuang2021_014,甘望星,3,首次排名阶段,20,29,241,3330,3841
chuang2021_014,甘望星,4,位置测评与第二次排名阶段,21,0,24,188,236
chuang2021_014,甘望星,5,主题考核与第三次排名阶段,21,2,115,392,624
chuang2021_014,甘望星,6,决赛阶段,21,0,13,39,65
chuang2021_015,井汲大翔,1,初评级阶段,19,1,170,283,624
chuang2021_015,井汲大翔,2,小组竞演与主题曲阶段,26,15,1656,937,4264
chuang2021_015,井汲大翔,3,首次排名阶段,22,6,38,256,338
chuang2021_015,井汲大翔,4,位置测评与第二次排名阶段,25,2,358,275,993
chuang2021_015,井汲大翔,5,主题考核与第三次排名阶段,25,0,110,336,556
chuang2021_015,井汲大翔,6,决赛阶段,26,48,70,717,905
chuang2021_016,张星特,1,初评级阶段,25,710,1745,16677,20877
chuang2021_016,张星特,2,小组竞演与主题曲阶段,27,2098,3550,64443,73641
chuang2021_016,张星特,3,首次排名阶段,23,41,418,731,1608
chuang2021_016,张星特,4,位置测评与第二次排名阶段,23,3,70,432,575
chuang2021_016,张星特,5,主题考核与第三次排名阶段,24,445,745,8770,10705
chuang2021_016,张星特,6,决赛阶段,26,3,4,43,54
chuang2021_017,利路修,1,初评级阶段,23,206,1930,18545,22611
chuang2021_017,利路修,2,小组竞演与主题曲阶段,24,1,551,265,1368
chuang2021_017,利路修,3,首次排名阶段,26,8,148,649,953
chuang2021_017,利路修,4,位置测评与第二次排名阶段,24,23,657,1814,3151
chuang2021_017,利路修,5,主题考核与第三次排名阶段,20,0,0,42,42
chuang2021_017,利路修,6,决赛阶段,23,21,210,663,1104
chuang2021_018,吴宇恒,1,初评级阶段,21,265,1254,13564,16337
chuang2021_018,吴宇恒,2,小组竞演与主题曲阶段,25,0,7,44,58
chuang2021_018,吴宇恒,3,首次排名阶段,29,0,2,0,4
chuang2021_018,吴宇恒,4,位置测评与第二次排名阶段,17,23,69,270,431
chuang2021_018,吴宇恒,5,主题考核与第三次排名阶段,24,0,23,69,115
chuang2021_018,吴宇恒,6,决赛阶段,23,1,33,166,233
chuang2021_019,任胤蓬,1,初评级阶段,21,7,48,337,440
chuang2021_019,任胤蓬,2,小组竞演与主题曲阶段,18,74,55,334,518
chuang2021_019,任胤蓬,3,首次排名阶段,19,3,6,28,43
chuang2021_019,任胤蓬,4,位置测评与第二次排名阶段,19,641,818,1482,3759
chuang2021_019,任胤蓬,5,主题考核与第三次排名阶段,21,146,226,2923,3521
chuang2021_019,任胤蓬,6,决赛阶段,20,1,2,29,34
chuang2021_020,张欣尧,1,初评级阶段,24,1262,2444,22076,28226
chuang2021_020,张欣尧,2,小组竞演与主题曲阶段,22,36,234,1587,2091
chuang2021_020,张欣尧,3,首次排名阶段,26,64,199,1507,1969
chuang2021_020,张欣尧,4,位置测评与第二次排名阶段,25,59,144,736,1083
chuang2021_020,张欣尧,5,主题考核与第三次排名阶段,25,3,43,233,322
chuang2021_020,张欣尧,6,决赛阶段,24,6,49,203,307
chuang2021_021,俞更寅,1,初评级阶段,27,66,158,644,1026
chuang2021_021,俞更寅,2,小组竞演与主题曲阶段,25,1,11,76,99
chuang2021_021,俞更寅,3,首次排名阶段,23,5,30,75,140
chuang2021_021,俞更寅,4,位置测评与第二次排名阶段,24,22,105,516,748
chuang2021_021,俞更寅,5,主题考核与第三次排名阶段,27,4,62,448,576
chuang2021_021,俞更寅,6,决赛阶段,26,1,47,232,327
chuang2021_022,付思超,1,初评级阶段,25,299,2834,29816,35783
chuang2021_022,付思超,2,小组竞演与主题曲阶段,24,30,87,1656,1860
chuang2021_022,付思超,3,首次排名阶段,21,845,1659,9207,13370
chuang2021_022,付思超,4,位置测评与第二次排名阶段,22,697,990,2195,4872
chuang2021_022,付思超,5,主题考核与第三次排名阶段,26,1041,703,8027,10474
chuang2021_022,付思超,6,决赛阶段,23,486,1301,32346,35434
chuang2021_023,胡烨韬,1,初评级阶段,26,154,1098,13050,15400
chuang2021_023,胡烨韬,2,小组竞演与主题曲阶段,23,6,77,311,471
chuang2021_023,胡烨韬,3,首次排名阶段,25,10,94,586,784
chuang2021_023,胡烨韬,4,位置测评与第二次排名阶段,21,10,48,260,366
chuang2021_023,胡烨韬,5,主题考核与第三次排名阶段,25,1,1,73,76
chuang2021_023,胡烨韬,6,决赛阶段,23,1,2,86,91
chuang2021_024,羽生田挙武,1,初评级阶段,18,279,1161,13484,16085
chuang2021_024,羽生田挙武,2,小组竞演与主题曲阶段,21,208,460,4116,5244
chuang2021_024,羽生田挙武,3,首次排名阶段,19,9,52,205,318
chuang2021_024,羽生田挙武,4,位置测评与第二次排名阶段,27,1,5,32,43
chuang2021_024,羽生田挙武,5,主题考核与第三次排名阶段,20,506,1905,70407,74723
chuang2021_024,羽生田挙武,6,决赛阶段,20,15,170,984,1339
chuang2021_025,薛八一,1,初评级阶段,21,257,1981,19746,23965
chuang2021_025,薛八一,2,小组竞演与主题曲阶段,27,0,4,51,59
chuang2021_025,薛八一,3,首次排名阶段,18,2,20,70,112
chuang2021_025,薛八一,4,位置测评与第二次排名阶段,25,0,8,120,136
chuang2021_025,薛八一,5,主题考核与第三次排名阶段,21,24,139,1401,1703
chuang2021_025,薛八一,6,决赛阶段,23,145,290,1519,2244
chuang2021_026,井胧,1,初评级阶段,22,130,294,950,1668
chuang2021_026,井胧,2,小组竞演与主题曲阶段,28,2,4,32,42
chuang2021_026,井胧,3,首次排名阶段,30,0,2,5,9
chuang2021_026,井胧,4,位置测评与第二次排名阶段,28,4,19,116,158
chuang2021_026,井胧,5,主题考核与第三次排名阶段,26,2,13,98,126
chuang2021_026,井胧,6,决赛阶段,23,10,52,324,438
chuang2021_027,曾涵江,1,初评级阶段,25,254,568,3739,5129
chuang2021_027,曾涵江,2,小组竞演与主题曲阶段,27,720,835,2590,4980
chuang2021_027,曾涵江,3,首次排名阶段,20,0,144,532,820
chuang2021_027,曾涵江,4,位置测评与第二次排名阶段,26,126,206,1221,1759
chuang2021_027,曾涵江,5,主题考核与第三次排名阶段,29,3,29,242,303
chuang2021_027,曾涵江,6,决赛阶段,23,19,47,538,651
chuang2021_028,谢兴阳,1,初评级阶段,24,452,877,2391,4597
chuang2021_028,谢兴阳,2,小组竞演与主题曲阶段,26,3,20,95,138
chuang2021_028,谢兴阳,3,首次排名阶段,10,1,16,16,49
chuang2021_028,谢兴阳,4,位置测评与第二次排名阶段,24,32,213,540,998
chuang2021_028,谢兴阳,5,主题考核与第三次排名阶段,26,801,1456,5133,8846
chuang2021_028,谢兴阳,6,决赛阶段,25,28,108,616,860
chuang2021_029,吴海,1,初评级阶段,23,265,1284,13545,16378
chuang2021_029,吴海,2,小组竞演与主题曲阶段,17,32,265,1143,1705
chuang2021_029,吴海,3,首次排名阶段,27,167,866,13587,15486
chuang2021_029,吴海,4,位置测评与第二次排名阶段,22,20,102,363,587
chuang2021_029,吴海,5,主题考核与第三次排名阶段,24,136,244,1008,1632
chuang2021_029,吴海,6,决赛阶段,24,2,13,159,187
chuang2021_030,何屹繁,1,初评级阶段,24,267,2540,22345,27692
chuang2021_030,何屹繁,2,小组竞演与主题曲阶段,24,20,104,2125,2353
chuang2021_030,何屹繁,3,首次排名阶段,23,4,65,247,381
chuang2021_030,何屹繁,4,位置测评与第二次排名阶段,26,10004,56,69,10185
chuang2021_030,何屹繁,5,主题考核与第三次排名阶段,28,85,69,430,653
chuang2021_030,何屹繁,6,决赛阶段,25,10047,40,265,10392
chuang2021_031,魏子越,1,初评级阶段,28,267,1340,15613,18560
chuang2021_031,魏子越,2,小组竞演与主题曲阶段,23,1335,1075,13014,16499
chuang2021_031,魏子越,3,首次排名阶段,24,44,463,11434,12404
chuang2021_031,魏子越,4,位置测评与第二次排名阶段,24,424,1112,11111,13759
chuang2021_031,魏子越,5,主题考核与第三次排名阶段,22,51112,21136,121649,215033
chuang2021_031,魏子越,6,决赛阶段,23,1398,1633,6578,11242
chuang2021_032,张腾,1,初评级阶段,26,210,1643,15786,19282
chuang2021_032,张腾,2,小组竞演与主题曲阶段,22,30,84,346,544
chuang2021_032,张腾,3,首次排名阶段,22,5,68,133,274
chuang2021_032,张腾,4,位置测评与第二次排名阶段,24,38,122,602,884
chuang2021_032,张腾,5,主题考核与第三次排名阶段,23,14,165,611,955
chuang2021_032,张腾,6,决赛阶段,14,5,42,186,275
chuang2021_033,荣耀,1,初评级阶段,24,349,2525,22256,27655
chuang2021_033,荣耀,2,小组竞演与主题曲阶段,24,128,399,3984,4910
chuang2021_033,荣耀,3,首次排名阶段,27,16,103,422,644
chuang2021_033,荣耀,4,位置测评与第二次排名阶段,25,944,1375,5048,8742
chuang2021_033,荣耀,5,主题考核与第三次排名阶段,23,5,37,124,203
chuang2021_033,荣耀,6,决赛阶段,23,0,3,140,146
chuang2021_034,贵尚奇,1,初评级阶段,25,256,2116,20978,25466
chuang2021_034,贵尚奇,2,小组竞演与主题曲阶段,24,275,1725,41380,45105
chuang2021_034,贵尚奇,3,首次排名阶段,25,20,186,520,912
chuang2021_034,贵尚奇,4,位置测评与第二次排名阶段,25,392,1578,94880,98428
chuang2021_034,贵尚奇,5,主题考核与第三次排名阶段,25,232,1817,57480,61346
chuang2021_034,贵尚奇,6,决赛阶段,25,78621,872,6382,86747
chuang2021_035,上原一翔,1,初评级阶段,26,424,2233,21230,26120
chuang2021_035,上原一翔,2,小组竞演与主题曲阶段,25,383,406,1787,2982
chuang2021_035,上原一翔,3,首次排名阶段,21,3,125,638,891
chuang2021_035,上原一翔,4,位置测评与第二次排名阶段,22,36,117,589,859
chuang2021_035,上原一翔,5,主题考核与第三次排名阶段,25,536,722,2486,4466
chuang2021_035,上原一翔,6,决赛阶段,27,1049,1387,13558,17381
chuang2021_036,诺言,1,初评级阶段,20,166,1160,13332,15818
chuang2021_036,诺言,2,小组竞演与主题曲阶段,21,17,141,2179,2478
chuang2021_036,诺言,3,首次排名阶段,22,1192,578,5441,7789
chuang2021_036,诺言,4,位置测评与第二次排名阶段,22,490,733,5457,7413
chuang2021_036,诺言,5,主题考核与第三次排名阶段,23,0,22,138,182
chuang2021_036,诺言,6,决赛阶段,22,29,452,1645,2578
chuang2021_037,罗言,1,初评级阶段,22,249,2062,20786,25159
chuang2021_037,罗言,2,小组竞演与主题曲阶段,24,99,1079,24994,27251
chuang2021_037,罗言,3,首次排名阶段,18,39,154,1097,1444
chuang2021_037,罗言,4,位置测评与第二次排名阶段,19,182,236,1355,2009
chuang2021_037,罗言,5,主题考核与第三次排名阶段,14,2,125,312,564
chuang2021_037,罗言,6,决赛阶段,24,100,230,965,1525
chuang2021_038,佐藤永翔,1,初评级阶段,27,970,1777,18510,23034
chuang2021_038,佐藤永翔,2,小组竞演与主题曲阶段,24,49,440,9628,10557
chuang2021_038,佐藤永翔,3,首次排名阶段,22,9,82,253,426
chuang2021_038,佐藤永翔,4,位置测评与第二次排名阶段,23,28,174,962,1338
chuang2021_038,佐藤永翔,5,主题考核与第三次排名阶段,30,14,120,366,620
chuang2021_038,佐藤永翔,6,决赛阶段,27,85,247,1299,1878
chuang2021_039,叶皓然,1,初评级阶段,20,401,2210,22285,27106
chuang2021_039,叶皓然,2,小组竞演与主题曲阶段,26,7,40,39,126
chuang2021_039,叶皓然,3,首次排名阶段,22,423,627,3163,4840
chuang2021_039,叶皓然,4,位置测评与第二次排名阶段,21,69,588,27397,28642
chuang2021_039,叶皓然,5,主题考核与第三次排名阶段,26,159,618,5730,7125
chuang2021_039,叶皓然,6,决赛阶段,20,1498,1986,12561,18031
chuang2021_040,韩佩泉,1,初评级阶段,22,218,370,3698,4656
chuang2021_040,韩佩泉,2,小组竞演与主题曲阶段,22,1469,589,3995,6642
chuang2021_040,韩佩泉,3,首次排名阶段,22,135,314,2822,3585
chuang2021_040,韩佩泉,4,位置测评与第二次排名阶段,23,34,64,1238,1400
chuang2021_040,韩佩泉,5,主题考核与第三次排名阶段,24,70,125,1668,1988
chuang2021_040,韩佩泉,6,决赛阶段,25,42,46,412,546
chuang2021_041,陆定昊,1,初评级阶段,23,20383,1914,17982,42193
chuang2021_041,陆定昊,2,小组竞演与主题曲阶段,13,1495,668,4995,7826
chuang2021_041,陆定昊,3,首次排名阶段,21,191,356,2406,3309
chuang2021_041,陆定昊,4,位置测评与第二次排名阶段,26,12083,15142,48232,90599
chuang2021_041,陆定昊,5,主题考核与第三次排名阶段,19,135,178,967,1458
chuang2021_041,陆定昊,6,决赛阶段,23,1394,1638,4437,9107
chuang2021_042,邵明明,1,初评级阶段,25,128,256,916,1556
chuang2021_042,邵明明,2,小组竞演与主题曲阶段,28,0,49,69,167
chuang2021_042,邵明明,3,首次排名阶段,22,170,248,7058,7724
chuang2021_042,邵明明,4,位置测评与第二次排名阶段,21,2,1,142,146
chuang2021_042,邵明明,5,主题考核与第三次排名阶段,23,94,182,1906,2364
chuang2021_042,邵明明,6,决赛阶段,25,168703,750,5377,175580
chuang2021_043,李洛尔,1,初评级阶段,22,800,2113,20686,25712
chuang2021_043,李洛尔,2,小组竞演与主题曲阶段,19,587,872,2083,4414
chuang2021_043,李洛尔,3,首次排名阶段,21,440,513,1051,2517
chuang2021_043,李洛尔,4,位置测评与第二次排名阶段,19,2,9,66,86
chuang2021_043,李洛尔,5,主题考核与第三次排名阶段,20,21,67,757,912
chuang2021_043,李洛尔,6,决赛阶段,18,11,106,373,596
chuang2021_044,于洋,1,初评级阶段,21,3064,3467,25123,35121
chuang2021_044,于洋,2,小组竞演与主题曲阶段,23,2995,1609,26922,33135
chuang2021_044,于洋,3,首次排名阶段,17,84,901,15312,17198
chuang2021_044,于洋,4,位置测评与第二次排名阶段,22,1271,1115,3608,7109
chuang2021_044,于洋,5,主题考核与第三次排名阶段,26,241,444,2000,3129
chuang2021_044,于洋,6,决赛阶段,24,2,23,103,151
chuang2021_045,王孝辰,1,初评级阶段,21,246,1984,19551,23765
chuang2021_045,王孝辰,2,小组竞演与主题曲阶段,19,14,67,256,404
chuang2021_045,王孝辰,3,首次排名阶段,25,48,116,362,642
chuang2021_045,王孝辰,4,位置测评与第二次排名阶段,19,37,183,1997,2400
chuang2021_045,王孝辰,5,主题考核与第三次排名阶段,25,53,553,4661,5820
chuang2021_045,王孝辰,6,决赛阶段,24,32,184,679,1079
chuang2021_046,屈柏宇,1,初评级阶段,24,1037,3881,68907,77706
chuang2021_046,屈柏宇,2,小组竞演与主题曲阶段,27,499,669,4250,6087
chuang2021_046,屈柏宇,3,首次排名阶段,30,3,25,75,128
chuang2021_046,屈柏宇,4,位置测评与第二次排名阶段,23,1049,1856,7785,12546
chuang2021_046,屈柏宇,5,主题考核与第三次排名阶段,19,61,474,5837,6846
chuang2021_046,屈柏宇,6,决赛阶段,19,48,56,830,990
chuang2021_047,蒋敦豪,1,初评级阶段,25,251,2049,20022,24371
chuang2021_047,蒋敦豪,2,小组竞演与主题曲阶段,18,12,40,91,183
chuang2021_047,蒋敦豪,3,首次排名阶段,26,964,1136,2573,5809
chuang2021_047,蒋敦豪,4,位置测评与第二次排名阶段,27,107,377,1192,2053
chuang2021_047,蒋敦豪,5,主题考核与第三次排名阶段,24,28,131,327,617
chuang2021_047,蒋敦豪,6,决赛阶段,25,65,282,2723,3352
chuang2021_048,代少冬,1,初评级阶段,26,3278,4591,18672,31132
chuang2021_048,代少冬,2,小组竞演与主题曲阶段,23,556,697,1635,3585
chuang2021_048,代少冬,3,首次排名阶段,26,16,106,385,613
chuang2021_048,代少冬,4,位置测评与第二次排名阶段,27,26,182,1309,1699
chuang2021_048,代少冬,5,主题考核与第三次排名阶段,23,16,136,508,796
chuang2021_048,代少冬,6,决赛阶段,21,168666,1147,6976,177936
chuang2021_049,黄鲲,1,初评级阶段,25,432,3360,35638,42790
chuang2021_049,黄鲲,2,小组竞演与主题曲阶段,25,573,852,6172,8449
chuang2021_049,黄鲲,3,首次排名阶段,27,6,25,100,156
chuang2021_049,黄鲲,4,位置测评与第二次排名阶段,21,1811,2442,15907,22602
chuang2021_049,黄鲲,5,主题考核与第三次排名阶段,20,2,10,36,58
chuang2021_049,黄鲲,6,决赛阶段,24,78790,1624,25945,107983
chuang2021_050,一之濑飞鸟,1,初评级阶段,24,321,2446,22536,27749
chuang2021_050,一之濑飞鸟,2,小组竞演与主题曲阶段,27,706,856,8314,10732
chuang2021_050,一之濑飞鸟,3,首次排名阶段,20,10,144,412,710
chuang2021_050,一之濑飞鸟,4,位置测评与第二次排名阶段,18,387,1583,94916,98469
chuang2021_050,一之濑飞鸟,5,主题考核与第三次排名阶段,22,246,2054,20784,25138
chuang2021_050,一之濑飞鸟,6,决赛阶段,25,168654,726,5328,175434
chuang2021_051,何圳煜,1,初评级阶段,22,252,2183,21084,25702
chuang2021_051,何圳煜,2,小组竞演与主题曲阶段,28,3,45,169,262
chuang2021_051,何圳煜,3,首次排名阶段,18,10,145,428,728
chuang2021_051,何圳煜,4,位置测评与第二次排名阶段,18,140,388,1349,2265
chuang2021_051,何圳煜,5,主题考核与第三次排名阶段,23,834,2596,54414,60440
chuang2021_051,何圳煜,6,决赛阶段,26,8,175,230,588
chuang2021_052,徐绍岚,1,初评级阶段,24,355,2541,31382,36819
chuang2021_052,徐绍岚,2,小组竞演与主题曲阶段,25,203,654,21483,22994
chuang2021_052,徐绍岚,3,首次排名阶段,24,343,636,2518,4133
chuang2021_052,徐绍岚,4,位置测评与第二次排名阶段,21,4,8,218,238
chuang2021_052,徐绍岚,5,主题考核与第三次排名阶段,24,60,60,542,722
chuang2021_052,徐绍岚,6,决赛阶段,24,168513,325,812,169975
chuang2021_053,何懿峻,1,初评级阶段,23,494,2433,24764,30124
chuang2021_053,何懿峻,2,小组竞演与主题曲阶段,20,166,1673,48517,52029
chuang2021_053,何懿峻,3,首次排名阶段,15,253,598,8216,9665
chuang2021_053,何懿峻,4,位置测评与第二次排名阶段,16,22,78,508,686
chuang2021_053,何懿峻,5,主题考核与第三次排名阶段,22,247,1902,58060,62111
chuang2021_053,何懿峻,6,决赛阶段,21,168672,865,16320,186722
chuang2021_054,张璋,1,初评级阶段,24,245,1936,19468,23585
chuang2021_054,张璋,2,小组竞演与主题曲阶段,25,327,1694,43758,47473
chuang2021_054,张璋,3,首次排名阶段,23,238,386,812,1822
chuang2021_054,张璋,4,位置测评与第二次排名阶段,24,34,175,3497,3881
chuang2021_054,张璋,5,主题考核与第三次排名阶段,26,6,217,557,997
chuang2021_054,张璋,6,决赛阶段,27,186,579,15768,17112
chuang2021_055,范臻尔,1,初评级阶段,26,275,2467,22271,27480
chuang2021_055,范臻尔,2,小组竞演与主题曲阶段,25,1,5,3,14
chuang2021_055,范臻尔,3,首次排名阶段,24,418,1773,66464,70428
chuang2021_055,范臻尔,4,位置测评与第二次排名阶段,22,388,1565,94837,98355
chuang2021_055,范臻尔,5,主题考核与第三次排名阶段,25,437,2059,57733,62288
chuang2021_055,范臻尔,6,决赛阶段,20,79813,2683,27077,112256
chuang2021_056,大卫,1,初评级阶段,21,432,1635,23447,27149
chuang2021_056,大卫,2,小组竞演与主题曲阶段,19,1156,875,14524,17430
chuang2021_056,大卫,3,首次排名阶段,22,16,104,614,838
chuang2021_056,大卫,4,位置测评与第二次排名阶段,20,32,224,588,1068
chuang2021_056,大卫,5,主题考核与第三次排名阶段,19,84,229,1324,1866
chuang2021_056,大卫,6,决赛阶段,24,718,778,5276,7550
chuang2021_057,李泽坤,1,初评级阶段,23,263,2122,21075,25582
chuang2021_057,李泽坤,2,小组竞演与主题曲阶段,22,8,9,33,59
chuang2021_057,李泽坤,3,首次排名阶段,21,422,2631,51555,57239
chuang2021_057,李泽坤,4,位置测评与第二次排名阶段,20,0,1,7,9
chuang2021_057,李泽坤,5,主题考核与第三次排名阶段,17,0,11,10,32
chuang2021_057,李泽坤,6,决赛阶段,10,407,351,1069,2178
chuang2021_058,林煜修,1,初评级阶段,22,255,2016,19558,23845
chuang2021_058,林煜修,2,小组竞演与主题曲阶段,27,1,14,61,90
chuang2021_058,林煜修,3,首次排名阶段,27,23,31,189,274
chuang2021_058,林煜修,4,位置测评与第二次排名阶段,14,7,40,112,199
chuang2021_058,林煜修,5,主题考核与第三次排名阶段,20,56,353,1391,2153
chuang2021_058,林煜修,6,决赛阶段,24,27,190,746,1153
chuang2021_059,李家豪,1,初评级阶段,26,254,2104,20051,24513
chuang2021_059,李家豪,2,小组竞演与主题曲阶段,26,121,691,832,2335
chuang2021_059,李家豪,3,首次排名阶段,26,124,707,1634,3172
chuang2021_059,李家豪,4,位置测评与第二次排名阶段,28,23,50,259,382
chuang2021_059,李家豪,5,主题考核与第三次排名阶段,4,79,550,1630,2809
chuang2021_059,李家豪,6,决赛阶段,19,7,22,101,152
chuang2021_060,都筑雄哉,1,初评级阶段,22,562,2392,23986,29332
chuang2021_060,都筑雄哉,2,小组竞演与主题曲阶段,23,491,2574,68102,73741
chuang2021_060,都筑雄哉,3,首次排名阶段,29,4,11,51,77
chuang2021_060,都筑雄哉,4,位置测评与第二次排名阶段,19,125,748,4503,6124
chuang2021_060,都筑雄哉,5,主题考核与第三次排名阶段,23,108,439,2828,3814
chuang2021_060,都筑雄哉,6,决赛阶段,9,70,516,3394,4496
chuang2021_061,刘唐辉,1,初评级阶段,24,243,1970,19503,23686
chuang2021_061,刘唐辉,2,小组竞演与主题曲阶段,22,1027,1401,8488,12317
chuang2021_061,刘唐辉,3,首次排名阶段,27,251,494,3357,4596
chuang2021_061,刘唐辉,4,位置测评与第二次排名阶段,25,16,33,180,262
chuang2021_061,刘唐辉,5,主题考核与第三次排名阶段,16,994,31,125,1181
chuang2021_061,刘唐辉,6,决赛阶段,22,23,68,433,592
chuang2021_062,怿涵,1,初评级阶段,25,250,1948,19901,24047
chuang2021_062,怿涵,2,小组竞演与主题曲阶段,21,72,63,466,664
chuang2021_062,怿涵,3,首次排名阶段,23,0,31,151,213
chuang2021_062,怿涵,4,位置测评与第二次排名阶段,27,172,152,1066,1542
chuang2021_062,怿涵,5,主题考核与第三次排名阶段,22,2,23,154,202
chuang2021_062,怿涵,6,决赛阶段,26,79,121,702,1023
chuang2021_063,喜内优心,1,初评级阶段,23,424,2298,29490,34510
chuang2021_063,喜内优心,2,小组竞演与主题曲阶段,24,870,963,10676,13472
chuang2021_063,喜内优心,3,首次排名阶段,21,365,619,10054,11657
chuang2021_063,喜内优心,4,位置测评与第二次排名阶段,26,94,254,711,1313
chuang2021_063,喜内优心,5,主题考核与第三次排名阶段,27,94,5108,3095,13405
chuang2021_063,喜内优心,6,决赛阶段,28,22,70,488,650
chuang2021_064,李嘉祥,1,初评级阶段,22,126,334,1057,1851
chuang2021_064,李嘉祥,2,小组竞演与主题曲阶段,24,2199,3691,65690,75271
chuang2021_064,李嘉祥,3,首次排名阶段,25,247,1897,47376,51417
chuang2021_064,李嘉祥,4,位置测评与第二次排名阶段,23,4,138,315,595
chuang2021_064,李嘉祥,5,主题考核与第三次排名阶段,27,184,511,3249,4455
chuang2021_064,李嘉祥,6,决赛阶段,22,20,241,678,1180
chuang2021_065,赖耀翔,1,初评级阶段,22,265,2070,20120,24525
chuang2021_065,赖耀翔,2,小组竞演与主题曲阶段,26,315,377,1749,2818
chuang2021_065,赖耀翔,3,首次排名阶段,21,1,12,130,155
chuang2021_065,赖耀翔,4,位置测评与第二次排名阶段,25,109,211,2796,3327
chuang2021_065,赖耀翔,5,主题考核与第三次排名阶段,24,3,39,147,228
chuang2021_065,赖耀翔,6,决赛阶段,19,6,41,228,316
chuang2021_066,曹左,1,初评级阶段,26,313,2281,22274,27149
chuang2021_066,曹左,2,小组竞演与主题曲阶段,23,217,395,3447,4454
chuang2021_066,曹左,3,首次排名阶段,17,136,330,1632,2428
chuang2021_066,曹左,4,位置测评与第二次排名阶段,21,14,50,180,294
chuang2021_066,曹左,5,主题考核与第三次排名阶段,29,26,127,202,482
chuang2021_066,曹左,6,决赛阶段,18,17,85,248,435
chuang2021_067,凌箫,1,初评级阶段,20,255,2169,20581,25174
chuang2021_067,凌箫,2,小组竞演与主题曲阶段,26,2,44,114,204
chuang2021_067,凌箫,3,首次排名阶段,23,70,336,1081,1823
chuang2021_067,凌箫,4,位置测评与第二次排名阶段,24,1051,4678,41169,51576
chuang2021_067,凌箫,5,主题考核与第三次排名阶段,22,5,81,258,425
chuang2021_067,凌箫,6,决赛阶段,17,7,110,265,492
chuang2021_068,李沛洋,1,初评级阶段,26,251,1998,19618,23865
chuang2021_068,李沛洋,2,小组竞演与主题曲阶段,27,60,293,1673,2319
chuang2021_068,李沛洋,3,首次排名阶段,24,4,26,94,150
chuang2021_068,李沛洋,4,位置测评与第二次排名阶段,27,25,91,338,545
chuang2021_068,李沛洋,5,主题考核与第三次排名阶段,26,217,641,1742,3241
chuang2021_068,李沛洋,6,决赛阶段,24,402,680,2946,4708
chuang2021_069,李政庭,1,初评级阶段,20,270,2004,19564,23842
chuang2021_069,李政庭,2,小组竞演与主题曲阶段,20,89,226,5086,5627
chuang2021_069,李政庭,3,首次排名阶段,22,10,71,139,291
chuang2021_069,李政庭,4,位置测评与第二次排名阶段,24,0,19,39,77
chuang2021_069,李政庭,5,主题考核与第三次排名阶段,23,1,11,38,61
chuang2021_069,李政庭,6,决赛阶段,23,12,143,458,756
chuang2021_070,门胁慎刚,1,初评级阶段,24,284,2089,20573,25035
chuang2021_070,门胁慎刚,2,小组竞演与主题曲阶段,22,82,548,12253,13431
chuang2021_070,门胁慎刚,3,首次排名阶段,24,62,240,3483,4025
chuang2021_070,门胁慎刚,4,位置测评与第二次排名阶段,25,110,193,1904,2400
chuang2021_070,门胁慎刚,5,主题考核与第三次排名阶段,19,436,540,8023,9539
chuang2021_070,门胁慎刚,6,决赛阶段,26,114,221,1999,2555
chuang2021_071,林豆,1,初评级阶段,25,162,1040,12865,15107
chuang2021_071,林豆,2,小组竞演与主题曲阶段,24,162,773,12836,14544
chuang2021_071,林豆,3,首次排名阶段,24,121,729,5126,6705
chuang2021_071,林豆,4,位置测评与第二次排名阶段,21,246,424,4103,5197
chuang2021_071,林豆,5,主题考核与第三次排名阶段,23,2582,3359,10004,19304
chuang2021_071,林豆,6,决赛阶段,14,214,380,2831,3805
chuang2021_072,原部凌,1,初评级阶段,25,418,1375,16674,19842
chuang2021_072,原部凌,2,小组竞演与主题曲阶段,27,5,96,366,563
chuang2021_072,原部凌,3,首次排名阶段,23,173,422,2891,3908
chuang2021_072,原部凌,4,位置测评与第二次排名阶段,28,292,3786,18729,26593
chuang2021_072,原部凌,5,主题考核与第三次排名阶段,29,173,1754,9874,13555
chuang2021_072,原部凌,6,决赛阶段,27,457,1978,17207,21620
chuang2021_073,陈俊洁,1,初评级阶段,25,319,2323,22313,27278
chuang2021_073,陈俊洁,2,小组竞演与主题曲阶段,22,63,256,1739,2314
chuang2021_073,陈俊洁,3,首次排名阶段,25,225,986,3611,5808
chuang2021_073,陈俊洁,4,位置测评与第二次排名阶段,25,17,150,489,806
chuang2021_073,陈俊洁,5,主题考核与第三次排名阶段,27,268,310,988,1876
chuang2021_073,陈俊洁,6,决赛阶段,26,46,107,390,650
chuang2021_074,肖力桓,1,初评级阶段,23,242,1934,19451,23561
chuang2021_074,肖力桓,2,小组竞演与主题曲阶段,27,78,449,10985,11961
chuang2021_074,肖力桓,3,首次排名阶段,23,31,211,1336,1789
chuang2021_074,肖力桓,4,位置测评与第二次排名阶段,26,25,135,1333,1628
chuang2021_074,肖力桓,5,主题考核与第三次排名阶段,27,234,1226,9403,12089
chuang2021_074,肖力桓,6,决赛阶段,28,6,41,149,237
chuang2021_075,刘严冬季,1,初评级阶段,22,323,2179,20597,25278
chuang2021_075,刘严冬季,2,小组竞演与主题曲阶段,18,85,282,4499,5148
chuang2021_075,刘严冬季,3,首次排名阶段,20,17,173,1157,1520
chuang2021_075,刘严冬季,4,位置测评与第二次排名阶段,21,162,309,2692,3472
chuang2021_075,刘严冬季,5,主题考核与第三次排名阶段,21,218,221,5183,5843
chuang2021_075,刘严冬季,6,决赛阶段,6,770,854,2296,4774
chuang2021_076,郑明鑫,1,初评级阶段,22,316,2288,21176,26068
chuang2021_076,郑明鑫,2,小组竞演与主题曲阶段,28,220,560,3601,4941
chuang2021_076,郑明鑫,3,首次排名阶段,23,14,71,206,362
chuang2021_076,郑明鑫,4,位置测评与第二次排名阶段,25,27,201,787,1216
chuang2021_076,郑明鑫,5,主题考核与第三次排名阶段,30,76,321,586,1304
chuang2021_076,郑明鑫,6,决赛阶段,29,438,513,1566,3030
chuang2021_077,刘聪,1,初评级阶段,25,250,2069,20715,25103
chuang2021_077,刘聪,2,小组竞演与主题曲阶段,16,14,63,1921,2061
chuang2021_077,刘聪,3,首次排名阶段,17,18,29,107,183
chuang2021_077,刘聪,4,位置测评与第二次排名阶段,13,149,269,2490,3177
chuang2021_077,刘聪,5,主题考核与第三次排名阶段,19,9,220,930,1379
chuang2021_077,刘聪,6,决赛阶段,22,1174,1802,7110,11888
chuang2021_078,田口馨也,1,初评级阶段,14,714,2340,24698,30092
chuang2021_078,田口馨也,2,小组竞演与主题曲阶段,16,196,208,3890,4502
chuang2021_078,田口馨也,3,首次排名阶段,18,112,451,6491,7505
chuang2021_078,田口馨也,4,位置测评与第二次排名阶段,20,21643,2097,73249,99086
chuang2021_078,田口馨也,5,主题考核与第三次排名阶段,17,1,21,93,136
chuang2021_078,田口馨也,6,决赛阶段,8,10,21,200,252
chuang2021_079,谷柳霖,1,初评级阶段,21,320,2508,26150,31486
chuang2021_079,谷柳霖,2,小组竞演与主题曲阶段,27,80,256,3452,4044
chuang2021_079,谷柳霖,3,首次排名阶段,22,43,418,2350,3229
chuang2021_079,谷柳霖,4,位置测评与第二次排名阶段,21,255,1408,24619,27690
chuang2021_079,谷柳霖,5,主题考核与第三次排名阶段,22,18,264,1474,2020
chuang2021_079,谷柳霖,6,决赛阶段,7,5,20,67,112
chuang2021_080,韦语节,1,初评级阶段,25,243,1981,19506,23711
chuang2021_080,韦语节,2,小组竞演与主题曲阶段,22,89,187,2284,2747
chuang2021_080,韦语节,3,首次排名阶段,25,225,993,24833,27044
chuang2021_080,韦语节,4,位置测评与第二次排名阶段,24,9,29,205,272
chuang2021_080,韦语节,5,主题考核与第三次排名阶段,25,1,10,76,97
chuang2021_080,韦语节,6,决赛阶段,27,58,144,807,1153
chuang2021_081,安迪,1,初评级阶段,25,196,1140,13846,16322
chuang2021_081,安迪,2,小组竞演与主题曲阶段,24,755,1196,16492,19639
chuang2021_081,安迪,3,首次排名阶段,25,162,211,1536,2120
chuang2021_081,安迪,4,位置测评与第二次排名阶段,25,1221,1247,16225,19940
chuang2021_081,安迪,5,主题考核与第三次排名阶段,18,19,503,3661,4686
chuang2021_081,安迪,6,决赛阶段,23,879,1311,6182,9683
chuang2021_082,阿克朱力,1,初评级阶段,22,349,2844,28802,34839
chuang2021_082,阿克朱力,2,小组竞演与主题曲阶段,21,285,1633,44859,48410
chuang2021_082,阿克朱力,3,首次排名阶段,10,82,596,4343,5617
chuang2021_082,阿克朱力,4,位置测评与第二次排名阶段,16,3,15,85,118
chuang2021_082,阿克朱力,5,主题考核与第三次排名阶段,13,1,74,118,267
chuang2021_082,阿克朱力,6,决赛阶段,11,1,10,58,79
chuang2021_083,钱政宇,1,初评级阶段,19,292,2150,20320,24912
chuang2021_083,钱政宇,2,小组竞演与主题曲阶段,22,189,341,2886,3757
chuang2021_083,钱政宇,3,首次排名阶段,18,138,359,4909,5765
chuang2021_083,钱政宇,4,位置测评与第二次排名阶段,12,3,39,103,184
chuang2021_083,钱政宇,5,主题考核与第三次排名阶段,22,13,109,285,516
chuang2021_083,钱政宇,6,决赛阶段,17,67,664,3381,4776
chuang2021_084,卢克,1,初评级阶段,22,856,2864,27856,34440
chuang2021_084,卢克,2,小组竞演与主题曲阶段,27,340,2010,52470,56830
chuang2021_084,卢克,3,首次排名阶段,16,67,575,4327,5544
chuang2021_084,卢克,4,位置测评与第二次排名阶段,19,1257,1375,16156,20163
chuang2021_084,卢克,5,主题考核与第三次排名阶段,6,0,33,49,115
chuang2021_084,卢克,6,决赛阶段,5,7,35,96,173
chuang2021_085,陈瑞丰,1,初评级阶段,20,289,2723,28175,33910
chuang2021_085,陈瑞丰,2,小组竞演与主题曲阶段,20,2268,1342,9365,14317
chuang2021_085,陈瑞丰,3,首次排名阶段,18,0,48,136,232
chuang2021_085,陈瑞丰,4,位置测评与第二次排名阶段,26,24,129,470,752
chuang2021_085,陈瑞丰,5,主题考核与第三次排名阶段,24,3,117,183,420
chuang2021_085,陈瑞丰,6,决赛阶段,16,22,117,366,622
chuang2021_086,李泰龙,1,初评级阶段,24,630,5621,38452,50324
chuang2021_086,李泰龙,2,小组竞演与主题曲阶段,17,5,35,93,168
chuang2021_086,李泰龙,3,首次排名阶段,26,62,523,3920,5028
chuang2021_086,李泰龙,4,位置测评与第二次排名阶段,23,258,1420,24745,27843
chuang2021_086,李泰龙,5,主题考核与第三次排名阶段,14,0,26,97,149
chuang2021_086,李泰龙,6,决赛阶段,6,5,18,67,108
chuang2021_087,隅田隼平,1,初评级阶段,19,713,2341,24686,30081
chuang2021_087,隅田隼平,2,小组竞演与主题曲阶段,19,5,50,193,298
chuang2021_087,隅田隼平,3,首次排名阶段,17,119,398,7103,8018
chuang2021_087,隅田隼平,4,位置测评与第二次排名阶段,18,803,1176,6933,10088
chuang2021_087,隅田隼平,5,主题考核与第三次排名阶段,18,142,600,2978,4320
chuang2021_087,隅田隼平,6,决赛阶段,9,16,37,195,285
chuang2021_088,徐圣兹,1,初评级阶段,25,273,2095,20883,25346
chuang2021_088,徐圣兹,2,小组竞演与主题曲阶段,29,189,318,3149,3974
chuang2021_088,徐圣兹,3,首次排名阶段,25,731,1325,16254,19635
chuang2021_088,徐圣兹,4,位置测评与第二次排名阶段,20,73,1463,24162,27161
chuang2021_088,徐圣兹,5,主题考核与第三次排名阶段,28,69,83,158,393
chuang2021_088,徐圣兹,6,决赛阶段,12,44,63,194,364
chuang2021_089,王泽浩,1,初评级阶段,25,274,2068,20693,25103
chuang2021_089,王泽浩,2,小组竞演与主题曲阶段,21,151,839,15770,17599
chuang2021_089,王泽浩,3,首次排名阶段,20,60,540,3934,5074
chuang2021_089,王泽浩,4,位置测评与第二次排名阶段,19,1191,4846,43290,54173
chuang2021_089,王泽浩,5,主题考核与第三次排名阶段,11,0,51,25,127
chuang2021_089,王泽浩,6,决赛阶段,5,5,16,67,104
chuang2021_090,和马,1,初评级阶段,23,106,360,2718,3544
chuang2021_090,和马,2,小组竞演与主题曲阶段,21,71,253,1191,1768
chuang2021_090,和马,3,首次排名阶段,23,3,16,87,122
chuang2021_090,和马,4,位置测评与第二次排名阶段,21,7,65,564,701
chuang2021_090,和马,5,主题考核与第三次排名阶段,18,11,170,879,1230
chuang2021_090,和马,6,决赛阶段,21,136,518,4571,5743
