trainee_id,trainee_name,query_attempts,query_success,window_success_count,window_count
idol_producer_001,蔡徐坤,html:初评级阶段:蔡徐坤 偶像练习生:200:3 | html:主题曲考核阶段:蔡徐坤 偶像练习生:200:7 | html:位置测评阶段:蔡徐坤 偶像练习生:200:3 | html:排名发布阶段:蔡徐坤 偶像练习生:200:19 | html:合作舞台阶段:蔡徐坤 偶像练习生:200:22 | html:总决赛阶段:蔡徐坤 偶像练习生:200:19,1,6,6
idol_producer_002,陈立农,html:初评级阶段:陈立农 偶像练习生:200:12 | html:主题曲考核阶段:陈立农 偶像练习生:200:3 | html:位置测评阶段:陈立农 偶像练习生:200:8 | html:排名发布阶段:陈立农 偶像练习生:200:28 | html:合作舞台阶段:陈立农 偶像练习生:200:25 | html:总决赛阶段:陈立农 偶像练习生:200:19,1,6,6
idol_producer_003,范丞丞,html:初评级阶段:范丞丞 偶像练习生:200:8 | html:主题曲考核阶段:范丞丞 偶像练习生:200:9 | html:位置测评阶段:范丞丞 偶像练习生:200:7 | html:排名发布阶段:范丞丞 偶像练习生:200:24 | html:合作舞台阶段:范丞丞 偶像练习生:200:18 | html:总决赛阶段:范丞丞 偶像练习生:200:16,1,6,6
idol_producer_004,黄明昊,html:初评级阶段:黄明昊 偶像练习生:200:4 | html:主题曲考核阶段:黄明昊 偶像练习生:200:10 | html:位置测评阶段:黄明昊 偶像练习生:200:13 | html:排名发布阶段:黄明昊 偶像练习生:200:15 | html:合作舞台阶段:黄明昊 偶像练习生:200:22 | html:总决赛阶段:黄明昊 偶像练习生:200:15,1,6,6
idol_producer_005,林彦俊,html:初评级阶段:林彦俊 偶像练习生:200:15 | html:主题曲考核阶段:林彦俊 偶像练习生:200:5 | html:位置测评阶段:林彦俊 偶像练习生:200:11 | html:排名发布阶段:林彦俊 偶像练习生:200:15 | html:合作舞台阶段:林彦俊 偶像练习生:200:26 | html:总决赛阶段:林彦俊 偶像练习生:200:21,1,6,6
idol_producer_006,朱正廷,html:初评级阶段:朱正廷 偶像练习生:200:15 | html:主题曲考核阶段:朱正廷 偶像练习生:200:15 | html:位置测评阶段:朱正廷 偶像练习生:200:15 | html:排名发布阶段:朱正廷 偶像练习生:200:26 | html:合作舞台阶段:朱正廷 偶像练习生:200:19 | html:总决赛阶段:朱正廷 偶像练习生:200:16,1,6,6
idol_producer_007,王子异,html:初评级阶段:王子异 偶像练习生:200:10 | html:主题曲考核阶段:王子异 偶像练习生:200:13 | html:位置测评阶段:王子异 偶像练习生:200:11 | html:排名发布阶段:王子异 偶像练习生:200:16 | html:合作舞台阶段:王子异 偶像练习生:200:27 | html:总决赛阶段:王子异 偶像练习生:200:16,1,6,6
idol_producer_008,小鬼,html:初评级阶段:小鬼 偶像练习生:200:3 | html:主题曲考核阶段:小鬼 偶像练习生:200:15 | html:位置测评阶段:小鬼 偶像练习生:200:15 | html:排名发布阶段:小鬼 偶像练习生:200:28 | html:合作舞台阶段:小鬼 偶像练习生:200:19 | html:总决赛阶段:小鬼 偶像练习生:200:19,1,6,6
idol_producer_009,尤长靖,html:初评级阶段:尤长靖 偶像练习生:200:3 | html:主题曲考核阶段:尤长靖 偶像练习生:200:15 | html:位置测评阶段:尤长靖 偶像练习生:200:7 | html:排名发布阶段:尤长靖 偶像练习生:200:9 | html:合作舞台阶段:尤长靖 偶像练习生:200:14 | html:总决赛阶段:尤长靖 偶像练习生:200:22,1,6,6
idol_producer_010,毕雯珺,html:初评级阶段:毕雯珺 偶像练习生:200:7 | html:主题曲考核阶段:毕雯珺 偶像练习生:200:7 | html:位置测评阶段:毕雯珺 偶像练习生:200:7 | html:排名发布阶段:毕雯珺 偶像练习生:200:22 | html:合作舞台阶段:毕雯珺 偶像练习生:200:16 | html:总决赛阶段:毕雯珺 偶像练习生:200:19,1,6,6
idol_producer_011,钱正昊,html:初评级阶段:钱正昊 偶像练习生:200:9 | html:主题曲考核阶段:钱正昊 偶像练习生:200:11 | html:位置测评阶段:钱正昊 偶像练习生:200:7 | html:排名发布阶段:钱正昊 偶像练习生:200:23 | html:合作舞台阶段:钱正昊 偶像练习生:200:17 | html:总决赛阶段:钱正昊 偶像练习生:200:20,1,6,6
idol_producer_012,卜凡,html:初评级阶段:卜凡 偶像练习生:200:15 | html:主题曲考核阶段:卜凡 偶像练习生:200:7 | html:位置测评阶段:卜凡 偶像练习生:200:15 | html:排名发布阶段:卜凡 偶像练习生:200:22 | html:合作舞台阶段:卜凡 偶像练习生:200:14 | html:总决赛阶段:卜凡 偶像练习生:200:9,1,6,6
idol_producer_013,李希侃,html:初评级阶段:李希侃 偶像练习生:200:15 | html:主题曲考核阶段:李希侃 偶像练习生:200:13 | html:位置测评阶段:李希侃 偶像练习生:200:7 | html:排名发布阶段:李希侃 偶像练习生:200:25 | html:合作舞台阶段:李希侃 偶像练习生:200:13 | html:总决赛阶段:李希侃 偶像练习生:200:13,1,6,6
idol_producer_014,朱星杰,html:初评级阶段:朱星杰 偶像练习生:200:8 | html:主题曲考核阶段:朱星杰 偶像练习生:200:11 | html:位置测评阶段:朱星杰 偶像练习生:200:15 | html:排名发布阶段:朱星杰 偶像练习生:200:13 | html:合作舞台阶段:朱星杰 偶像练习生:200:20 | html:总决赛阶段:朱星杰 偶像练习生:200:21,1,6,6
idol_producer_015,灵超,html:初评级阶段:灵超 偶像练习生:200:11 | html:主题曲考核阶段:灵超 偶像练习生:200:11 | html:位置测评阶段:灵超 偶像练习生:200:11 | html:排名发布阶段:灵超 偶像练习生:200:23 | html:合作舞台阶段:灵超 偶像练习生:200:22 | html:总决赛阶段:灵超 偶像练习生:200:17,1,6,6
idol_producer_016,郑锐彬,html:初评级阶段:郑锐彬 偶像练习生:200:9 | html:主题曲考核阶段:郑锐彬 偶像练习生:200:7 | html:位置测评阶段:郑锐彬 偶像练习生:200:11 | html:排名发布阶段:郑锐彬 偶像练习生:200:23 | html:合作舞台阶段:郑锐彬 偶像练习生:200:16 | html:总决赛阶段:郑锐彬 偶像练习生:200:18,1,6,6
idol_producer_017,董又霖,html:初评级阶段:董又霖 偶像练习生:200:11 | html:主题曲考核阶段:董又霖 偶像练习生:200:6 | html:位置测评阶段:董又霖 偶像练习生:200:7 | html:排名发布阶段:董又霖 偶像练习生:200:17 | html:合作舞台阶段:董又霖 偶像练习生:200:15 | html:总决赛阶段:董又霖 偶像练习生:200:16,1,6,6
idol_producer_018,秦奋,html:初评级阶段:秦奋 偶像练习生:200:13 | html:主题曲考核阶段:秦奋 偶像练习生:200:7 | html:位置测评阶段:秦奋 偶像练习生:200:12 | html:排名发布阶段:秦奋 偶像练习生:200:19 | html:合作舞台阶段:秦奋 偶像练习生:200:18 | html:总决赛阶段:秦奋 偶像练习生:200:11,1,6,6
idol_producer_019,林超泽,html:初评级阶段:林超泽 偶像练习生:200:7 | html:主题曲考核阶段:林超泽 偶像练习生:200:7 | html:位置测评阶段:林超泽 偶像练习生:200:5 | html:排名发布阶段:林超泽 偶像练习生:200:22 | html:合作舞台阶段:林超泽 偶像练习生:200:20 | html:总决赛阶段:林超泽 偶像练习生:200:13,1,6,6
idol_producer_020,徐圣恩,html:初评级阶段:徐圣恩 偶像练习生:200:11 | html:主题曲考核阶段:徐圣恩 偶像练习生:200:12 | html:位置测评阶段:徐圣恩 偶像练习生:200:9 | html:排名发布阶段:徐圣恩 偶像练习生:200:19 | html:合作舞台阶段:徐圣恩 偶像练习生:200:23 | html:总决赛阶段:徐圣恩 偶像练习生:200:27,1,6,6
idol_producer_021,丁泽仁,html:初评级阶段:丁泽仁 偶像练习生:200:11 | html:主题曲考核阶段:丁泽仁 偶像练习生:200:8 | html:位置测评阶段:丁泽仁 偶像练习生:200:11 | html:排名发布阶段:丁泽仁 偶像练习生:200:20 | html:合作舞台阶段:丁泽仁 偶像练习生:200:15 | html:总决赛阶段:丁泽仁 偶像练习生:200:14,1,6,6
idol_producer_022,万宇贤,html:初评级阶段:万宇贤 偶像练习生:200:11 | html:主题曲考核阶段:万宇贤 偶像练习生:200:11 | html:位置测评阶段:万宇贤 偶像练习生:200:11 | html:排名发布阶段:万宇贤 偶像练习生:200:12 | html:合作舞台阶段:万宇贤 偶像练习生:200:11 | html:总决赛阶段:万宇贤 偶像练习生:200:13,1,6,6
idol_producer_023,于斌,html:初评级阶段:于斌 偶像练习生:200:15 | html:主题曲考核阶段:于斌 偶像练习生:200:15 | html:位置测评阶段:于斌 偶像练习生:200:11 | html:排名发布阶段:于斌 偶像练习生:200:9 | html:合作舞台阶段:于斌 偶像练习生:200:9 | html:总决赛阶段:于斌 偶像练习生:200:11,1,6,6
idol_producer_024,于浩,html:初评级阶段:于浩 偶像练习生:200:8 | html:主题曲考核阶段:于浩 偶像练习生:200:10 | html:位置测评阶段:于浩 偶像练习生:200:11 | html:排名发布阶段:于浩 偶像练习生:200:11 | html:合作舞台阶段:于浩 偶像练习生:200:25 | html:总决赛阶段:于浩 偶像练习生:200:18,1,6,6
idol_producer_025,伽里,html:初评级阶段:伽里 偶像练习生:200:7 | html:主题曲考核阶段:伽里 偶像练习生:200:15 | html:位置测评阶段:伽里 偶像练习生:200:4 | html:排名发布阶段:伽里 偶像练习生:200:13 | html:合作舞台阶段:伽里 偶像练习生:200:15 | html:总决赛阶段:伽里 偶像练习生:200:16,1,6,6
idol_producer_026,何东东,html:初评级阶段:何东东 偶像练习生:200:3 | html:主题曲考核阶段:何东东 偶像练习生:200:12 | html:位置测评阶段:何东东 偶像练习生:200:6 | html:排名发布阶段:何东东 偶像练习生:200:22 | html:合作舞台阶段:何东东 偶像练习生:200:21 | html:总决赛阶段:何东东 偶像练习生:200:23,1,6,6
idol_producer_027,何嘉庚,html:初评级阶段:何嘉庚 偶像练习生:200:15 | html:主题曲考核阶段:何嘉庚 偶像练习生:200:11 | html:位置测评阶段:何嘉庚 偶像练习生:200:5 | html:排名发布阶段:何嘉庚 偶像练习生:200:11 | html:合作舞台阶段:何嘉庚 偶像练习生:200:12 | html:总决赛阶段:何嘉庚 偶像练习生:200:18,1,6,6
idol_producer_028,余明君,html:初评级阶段:余明君 偶像练习生:200:12 | html:主题曲考核阶段:余明君 偶像练习生:200:15 | html:位置测评阶段:余明君 偶像练习生:200:11 | html:排名发布阶段:余明君 偶像练习生:200:25 | html:合作舞台阶段:余明君 偶像练习生:200:25 | html:总决赛阶段:余明君 偶像练习生:200:15,1,6,6
idol_producer_029,侯浩然,html:初评级阶段:侯浩然 偶像练习生:200:9 | html:主题曲考核阶段:侯浩然 偶像练习生:200:11 | html:位置测评阶段:侯浩然 偶像练习生:200:13 | html:排名发布阶段:侯浩然 偶像练习生:200:15 | html:合作舞台阶段:侯浩然 偶像练习生:200:13 | html:总决赛阶段:侯浩然 偶像练习生:200:12,1,6,6
idol_producer_030,凌崎,html:初评级阶段:凌崎 偶像练习生:200:15 | html:主题曲考核阶段:凌崎 偶像练习生:200:14 | html:位置测评阶段:凌崎 偶像练习生:200:10 | html:排名发布阶段:凌崎 偶像练习生:200:16 | html:合作舞台阶段:凌崎 偶像练习生:200:16 | html:总决赛阶段:凌崎 偶像练习生:200:23,1,6,6
idol_producer_031,叶泓希,html:初评级阶段:叶泓希 偶像练习生:200:15 | html:主题曲考核阶段:叶泓希 偶像练习生:200:13 | html:位置测评阶段:叶泓希 偶像练习生:200:3 | html:排名发布阶段:叶泓希 偶像练习生:200:10 | html:合作舞台阶段:叶泓希 偶像练习生:200:17 | html:总决赛阶段:叶泓希 偶像练习生:200:27,1,6,6
idol_producer_032,吕晨瑜,html:初评级阶段:吕晨瑜 偶像练习生:200:10 | html:主题曲考核阶段:吕晨瑜 偶像练习生:200:11 | html:位置测评阶段:吕晨瑜 偶像练习生:200:14 | html:排名发布阶段:吕晨瑜 偶像练习生:200:16 | html:合作舞台阶段:吕晨瑜 偶像练习生:200:13 | html:总决赛阶段:吕晨瑜 偶像练习生:200:21,1,6,6
idol_producer_033,周彦辰,html:初评级阶段:周彦辰 偶像练习生:200:15 | html:主题曲考核阶段:周彦辰 偶像练习生:200:15 | html:位置测评阶段:周彦辰 偶像练习生:200:7 | html:排名发布阶段:周彦辰 偶像练习生:200:16 | html:合作舞台阶段:周彦辰 偶像练习生:200:23 | html:总决赛阶段:周彦辰 偶像练习生:200:29,1,6,6
idol_producer_034,周腾阳,html:初评级阶段:周腾阳 偶像练习生:200:12 | html:主题曲考核阶段:周腾阳 偶像练习生:200:15 | html:位置测评阶段:周腾阳 偶像练习生:200:11 | html:排名发布阶段:周腾阳 偶像练习生:200:12 | html:合作舞台阶段:周腾阳 偶像练习生:200:12 | html:总决赛阶段:周腾阳 偶像练习生:200:11,1,6,6
idol_producer_035,周锐,html:初评级阶段:周锐 偶像练习生:200:15 | html:主题曲考核阶段:周锐 偶像练习生:200:15 | html:位置测评阶段:周锐 偶像练习生:200:9 | html:排名发布阶段:周锐 偶像练习生:200:22 | html:合作舞台阶段:周锐 偶像练习生:200:16 | html:总决赛阶段:周锐 偶像练习生:200:22,1,6,6
idol_producer_036,姜京佐,html:初评级阶段:姜京佐 偶像练习生:200:11 | html:主题曲考核阶段:姜京佐 偶像练习生:200:15 | html:位置测评阶段:姜京佐 偶像练习生:200:7 | html:排名发布阶段:姜京佐 偶像练习生:200:6 | html:合作舞台阶段:姜京佐 偶像练习生:200:16 | html:总决赛阶段:姜京佐 偶像练习生:200:16,1,6,6
idol_producer_037,姜祎,html:初评级阶段:姜祎 偶像练习生:200:15 | html:主题曲考核阶段:姜祎 偶像练习生:200:15 | html:位置测评阶段:姜祎 偶像练习生:200:15 | html:排名发布阶段:姜祎 偶像练习生:200:15 | html:合作舞台阶段:姜祎 偶像练习生:200:15 | html:总决赛阶段:姜祎 偶像练习生:200:15,1,6,6
idol_producer_038,姜达赫,html:初评级阶段:姜达赫 偶像练习生:200:15 | html:主题曲考核阶段:姜达赫 偶像练习生:200:15 | html:位置测评阶段:姜达赫 偶像练习生:200:11 | html:排名发布阶段:姜达赫 偶像练习生:200:17 | html:合作舞台阶段:姜达赫 偶像练习生:200:21 | html:总决赛阶段:姜达赫 偶像练习生:200:14,1,6,6
idol_producer_039,娄滋博,html:初评级阶段:娄滋博 偶像练习生:200:13 | html:主题曲考核阶段:娄滋博 偶像练习生:200:5 | html:位置测评阶段:娄滋博 偶像练习生:200:10 | html:排名发布阶段:娄滋博 偶像练习生:200:13 | html:合作舞台阶段:娄滋博 偶像练习生:200:16 | html:总决赛阶段:娄滋博 偶像练习生:200:18,1,6,6
idol_producer_040,孙凡杰,html:初评级阶段:孙凡杰 偶像练习生:200:12 | html:主题曲考核阶段:孙凡杰 偶像练习生:200:11 | html:位置测评阶段:孙凡杰 偶像练习生:200:5 | html:排名发布阶段:孙凡杰 偶像练习生:200:10 | html:合作舞台阶段:孙凡杰 偶像练习生:200:27 | html:总决赛阶段:孙凡杰 偶像练习生:200:15,1,6,6
idol_producer_041,孙浩然,html:初评级阶段:孙浩然 偶像练习生:200:8 | html:主题曲考核阶段:孙浩然 偶像练习生:200:15 | html:位置测评阶段:孙浩然 偶像练习生:200:13 | html:排名发布阶段:孙浩然 偶像练习生:200:12 | html:合作舞台阶段:孙浩然 偶像练习生:200:20 | html:总决赛阶段:孙浩然 偶像练习生:200:14,1,6,6
idol_producer_042,宋睡觉,html:初评级阶段:宋睡觉 偶像练习生:200:8 | html:主题曲考核阶段:宋睡觉 偶像练习生:200:11 | html:位置测评阶段:宋睡觉 偶像练习生:200:15 | html:排名发布阶段:宋睡觉 偶像练习生:200:12 | html:合作舞台阶段:宋睡觉 偶像练习生:200:14 | html:总决赛阶段:宋睡觉 偶像练习生:200:11,1,6,6
idol_producer_043,岳岳,html:初评级阶段:岳岳 偶像练习生:200:15 | html:主题曲考核阶段:岳岳 偶像练习生:200:17 | html:位置测评阶段:岳岳 偶像练习生:200:15 | html:排名发布阶段:岳岳 偶像练习生:200:19 | html:合作舞台阶段:岳岳 偶像练习生:200:16 | html:总决赛阶段:岳岳 偶像练习生:200:14,1,6,6
idol_producer_044,左叶,html:初评级阶段:左叶 偶像练习生:200:5 | html:主题曲考核阶段:左叶 偶像练习生:200:11 | html:位置测评阶段:左叶 偶像练习生:200:11 | html:排名发布阶段:左叶 偶像练习生:200:20 | html:合作舞台阶段:左叶 偶像练习生:200:23 | html:总决赛阶段:左叶 偶像练习生:200:25,1,6,6
idol_producer_045,应智越,html:初评级阶段:应智越 偶像练习生:200:15 | html:主题曲考核阶段:应智越 偶像练习生:200:6 | html:位置测评阶段:应智越 偶像练习生:200:17 | html:排名发布阶段:应智越 偶像练习生:200:14 | html:合作舞台阶段:应智越 偶像练习生:200:23 | html:总决赛阶段:应智越 偶像练习生:200:17,1,6,6
idol_producer_046,张奕轩,html:初评级阶段:张奕轩 偶像练习生:200:10 | html:主题曲考核阶段:张奕轩 偶像练习生:200:8 | html:位置测评阶段:张奕轩 偶像练习生:200:10 | html:排名发布阶段:张奕轩 偶像练习生:200:20 | html:合作舞台阶段:张奕轩 偶像练习生:200:22 | html:总决赛阶段:张奕轩 偶像练习生:200:9,1,6,6
idol_producer_047,张宇晨,html:初评级阶段:张宇晨 偶像练习生:200:15 | html:主题曲考核阶段:张宇晨 偶像练习生:200:7 | html:位置测评阶段:张宇晨 偶像练习生:200:5 | html:排名发布阶段:张宇晨 偶像练习生:200:11 | html:合作舞台阶段:张宇晨 偶像练习生:200:15 | html:总决赛阶段:张宇晨 偶像练习生:200:11,1,6,6
idol_producer_048,张昕,html:初评级阶段:张昕 偶像练习生:200:15 | html:主题曲考核阶段:张昕 偶像练习生:200:7 | html:位置测评阶段:张昕 偶像练习生:200:13 | html:排名发布阶段:张昕 偶像练习生:200:8 | html:合作舞台阶段:张昕 偶像练习生:200:13 | html:总决赛阶段:张昕 偶像练习生:200:19,1,6,6
idol_producer_049,张晏恺,html:初评级阶段:张晏恺 偶像练习生:200:12 | html:主题曲考核阶段:张晏恺 偶像练习生:200:15 | html:位置测评阶段:张晏恺 偶像练习生:200:12 | html:排名发布阶段:张晏恺 偶像练习生:200:13 | html:合作舞台阶段:张晏恺 偶像练习生:200:15 | html:总决赛阶段:张晏恺 偶像练习生:200:15,1,6,6
idol_producer_050,张津铭,html:初评级阶段:张津铭 偶像练习生:200:15 | html:主题曲考核阶段:张津铭 偶像练习生:200:15 | html:位置测评阶段:张津铭 偶像练习生:200:12 | html:排名发布阶段:张津铭 偶像练习生:200:11 | html:合作舞台阶段:张津铭 偶像练习生:200:11 | html:总决赛阶段:张津铭 偶像练习生:200:15,1,6,6
idol_producer_051,张艺凡,html:初评级阶段:张艺凡 偶像练习生:200:15 | html:主题曲考核阶段:张艺凡 偶像练习生:200:11 | html:位置测评阶段:张艺凡 偶像练习生:200:8 | html:排名发布阶段:张艺凡 偶像练习生:200:12 | html:合作舞台阶段:张艺凡 偶像练习生:200:4 | html:总决赛阶段:张艺凡 偶像练习生:200:15,1,6,6
idol_producer_052,张达源,html:初评级阶段:张达源 偶像练习生:200:7 | html:主题曲考核阶段:张达源 偶像练习生:200:15 | html:位置测评阶段:张达源 偶像练习生:200:5 | html:排名发布阶段:张达源 偶像练习生:200:17 | html:合作舞台阶段:张达源 偶像练习生:200:23 | html:总决赛阶段:张达源 偶像练习生:200:20,1,6,6
idol_producer_053,徐鹤尼,html:初评级阶段:徐鹤尼 偶像练习生:200:22 | html:主题曲考核阶段:徐鹤尼 偶像练习生:200:22 | html:位置测评阶段:徐鹤尼 偶像练习生:200:7 | html:排名发布阶段:徐鹤尼 偶像练习生:200:12 | html:合作舞台阶段:徐鹤尼 偶像练习生:200:18 | html:总决赛阶段:徐鹤尼 偶像练习生:200:30,1,6,6
idol_producer_054,明鹏,html:初评级阶段:明鹏 偶像练习生:200:15 | html:主题曲考核阶段:明鹏 偶像练习生:200:15 | html:位置测评阶段:明鹏 偶像练习生:200:11 | html:排名发布阶段:明鹏 偶像练习生:200:9 | html:合作舞台阶段:明鹏 偶像练习生:200:15 | html:总决赛阶段:明鹏 偶像练习生:200:15,1,6,6
idol_producer_055,木子洋,html:初评级阶段:木子洋 偶像练习生:200:15 | html:主题曲考核阶段:木子洋 偶像练习生:200:11 | html:位置测评阶段:木子洋 偶像练习生:200:15 | html:排名发布阶段:木子洋 偶像练习生:200:21 | html:合作舞台阶段:木子洋 偶像练习生:200:8 | html:总决赛阶段:木子洋 偶像练习生:200:22,1,6,6
idol_producer_056,朱一文,html:初评级阶段:朱一文 偶像练习生:200:15 | html:主题曲考核阶段:朱一文 偶像练习生:200:15 | html:位置测评阶段:朱一文 偶像练习生:200:11 | html:排名发布阶段:朱一文 偶像练习生:200:9 | html:合作舞台阶段:朱一文 偶像练习生:200:12 | html:总决赛阶段:朱一文 偶像练习生:200:17,1,6,6
idol_producer_057,朱匀一,html:初评级阶段:朱匀一 偶像练习生:200:15 | html:主题曲考核阶段:朱匀一 偶像练习生:200:11 | html:位置测评阶段:朱匀一 偶像练习生:200:11 | html:排名发布阶段:朱匀一 偶像练习生:200:21 | html:合作舞台阶段:朱匀一 偶像练习生:200:23 | html:总决赛阶段:朱匀一 偶像练习生:200:16,1,6,6
idol_producer_058,朱匀天,html:初评级阶段:朱匀天 偶像练习生:200:4 | html:主题曲考核阶段:朱匀天 偶像练习生:200:7 | html:位置测评阶段:朱匀天 偶像练习生:200:11 | html:排名发布阶段:朱匀天 偶像练习生:200:19 | html:合作舞台阶段:朱匀天 偶像练习生:200:17 | html:总决赛阶段:朱匀天 偶像练习生:200:15,1,6,6
idol_producer_059,李俊毅,html:初评级阶段:李俊毅 偶像练习生:200:15 | html:主题曲考核阶段:李俊毅 偶像练习生:200:11 | html:位置测评阶段:李俊毅 偶像练习生:200:9 | html:排名发布阶段:李俊毅 偶像练习生:200:19 | html:合作舞台阶段:李俊毅 偶像练习生:200:25 | html:总决赛阶段:李俊毅 偶像练习生:200:16,1,6,6
idol_producer_060,李志杰,html:初评级阶段:李志杰 偶像练习生:200:12 | html:主题曲考核阶段:李志杰 偶像练习生:200:15 | html:位置测评阶段:李志杰 偶像练习生:200:3 | html:排名发布阶段:李志杰 偶像练习生:200:11 | html:合作舞台阶段:李志杰 偶像练习生:200:15 | html:总决赛阶段:李志杰 偶像练习生:200:13,1,6,6
idol_producer_061,李权哲,html:初评级阶段:李权哲 偶像练习生:200:3 | html:主题曲考核阶段:李权哲 偶像练习生:200:11 | html:位置测评阶段:李权哲 偶像练习生:200:7 | html:排名发布阶段:李权哲 偶像练习生:200:20 | html:合作舞台阶段:李权哲 偶像练习生:200:25 | html:总决赛阶段:李权哲 偶像练习生:200:21,1,6,6
idol_producer_062,李若天,html:初评级阶段:李若天 偶像练习生:200:11 | html:主题曲考核阶段:李若天 偶像练习生:200:15 | html:位置测评阶段:李若天 偶像练习生:200:12 | html:排名发布阶段:李若天 偶像练习生:200:19 | html:合作舞台阶段:李若天 偶像练习生:200:19 | html:总决赛阶段:李若天 偶像练习生:200:26,1,6,6
idol_producer_063,李让,html:初评级阶段:李让 偶像练习生:200:11 | html:主题曲考核阶段:李让 偶像练习生:200:3 | html:位置测评阶段:李让 偶像练习生:200:14 | html:排名发布阶段:李让 偶像练习生:200:20 | html:合作舞台阶段:李让 偶像练习生:200:21 | html:总决赛阶段:李让 偶像练习生:200:18,1,6,6
idol_producer_064,李鑫岩,html:初评级阶段:李鑫岩 偶像练习生:200:15 | html:主题曲考核阶段:李鑫岩 偶像练习生:200:7 | html:位置测评阶段:李鑫岩 偶像练习生:200:9 | html:排名发布阶段:李鑫岩 偶像练习生:200:15 | html:合作舞台阶段:李鑫岩 偶像练习生:200:11 | html:总决赛阶段:李鑫岩 偶像练习生:200:15,1,6,6
idol_producer_065,李长庚,html:初评级阶段:李长庚 偶像练习生:200:15 | html:主题曲考核阶段:李长庚 偶像练习生:200:10 | html:位置测评阶段:李长庚 偶像练习生:200:11 | html:排名发布阶段:李长庚 偶像练习生:200:22 | html:合作舞台阶段:李长庚 偶像练习生:200:18 | html:总决赛阶段:李长庚 偶像练习生:200:27,1,6,6
idol_producer_066,杨羿,html:初评级阶段:杨羿 偶像练习生:200:15 | html:主题曲考核阶段:杨羿 偶像练习生:200:11 | html:位置测评阶段:杨羿 偶像练习生:200:3 | html:排名发布阶段:杨羿 偶像练习生:200:11 | html:合作舞台阶段:杨羿 偶像练习生:200:11 | html:总决赛阶段:杨羿 偶像练习生:200:11,1,6,6
idol_producer_067,杨非同,html:初评级阶段:杨非同 偶像练习生:200:12 | html:主题曲考核阶段:杨非同 偶像练习生:200:15 | html:位置测评阶段:杨非同 偶像练习生:200:8 | html:排名发布阶段:杨非同 偶像练习生:200:20 | html:合作舞台阶段:杨非同 偶像练习生:200:21 | html:总决赛阶段:杨非同 偶像练习生:200:28,1,6,6
idol_producer_068,林浩楷,html:初评级阶段:林浩楷 偶像练习生:200:13 | html:主题曲考核阶段:林浩楷 偶像练习生:200:11 | html:位置测评阶段:林浩楷 偶像练习生:200:8 | html:排名发布阶段:林浩楷 偶像练习生:200:11 | html:合作舞台阶段:林浩楷 偶像练习生:200:13 | html:总决赛阶段:林浩楷 偶像练习生:200:11,1,6,6
idol_producer_069,梁辉,html:初评级阶段:梁辉 偶像练习生:200:15 | html:主题曲考核阶段:梁辉 偶像练习生:200:11 | html:位置测评阶段:梁辉 偶像练习生:200:6 | html:排名发布阶段:梁辉 偶像练习生:200:19 | html:合作舞台阶段:梁辉 偶像练习生:200:21 | html:总决赛阶段:梁辉 偶像练习生:200:18,1,6,6
idol_producer_070,武连杰,html:初评级阶段:武连杰 偶像练习生:200:15 | html:主题曲考核阶段:武连杰 偶像练习生:200:8 | html:位置测评阶段:武连杰 偶像练习生:200:13 | html:排名发布阶段:武连杰 偶像练习生:200:17 | html:合作舞台阶段:武连杰 偶像练习生:200:11 | html:总决赛阶段:武连杰 偶像练习生:200:13,1,6,6
idol_producer_071,王宥辰,html:初评级阶段:王宥辰 偶像练习生:200:9 | html:主题曲考核阶段:王宥辰 偶像练习生:200:11 | html:位置测评阶段:王宥辰 偶像练习生:200:10 | html:排名发布阶段:王宥辰 偶像练习生:200:15 | html:合作舞台阶段:王宥辰 偶像练习生:200:14 | html:总决赛阶段:王宥辰 偶像练习生:200:13,1,6,6
idol_producer_072,王梓豪,html:初评级阶段:王梓豪 偶像练习生:200:8 | html:主题曲考核阶段:王梓豪 偶像练习生:200:7 | html:位置测评阶段:王梓豪 偶像练习生:200:19 | html:排名发布阶段:王梓豪 偶像练习生:200:8 | html:合作舞台阶段:王梓豪 偶像练习生:200:17 | html:总决赛阶段:王梓豪 偶像练习生:200:13,1,6,6
idol_producer_073,王艺龙,html:初评级阶段:王艺龙 偶像练习生:200:8 | html:主题曲考核阶段:王艺龙 偶像练习生:200:11 | html:位置测评阶段:王艺龙 偶像练习生:200:7 | html:排名发布阶段:王艺龙 偶像练习生:200:19 | html:合作舞台阶段:王艺龙 偶像练习生:200:22 | html:总决赛阶段:王艺龙 偶像练习生:200:23,1,6,6
idol_producer_074,甘俊,html:初评级阶段:甘俊 偶像练习生:200:15 | html:主题曲考核阶段:甘俊 偶像练习生:200:15 | html:位置测评阶段:甘俊 偶像练习生:200:11 | html:排名发布阶段:甘俊 偶像练习生:200:11 | html:合作舞台阶段:甘俊 偶像练习生:200:15 | html:总决赛阶段:甘俊 偶像练习生:200:12,1,6,6
idol_producer_075,秦子墨,html:初评级阶段:秦子墨 偶像练习生:200:11 | html:主题曲考核阶段:秦子墨 偶像练习生:200:7 | html:位置测评阶段:秦子墨 偶像练习生:200:9 | html:排名发布阶段:秦子墨 偶像练习生:200:19 | html:合作舞台阶段:秦子墨 偶像练习生:200:18 | html:总决赛阶段:秦子墨 偶像练习生:200:14,1,6,6
idol_producer_076,罗仁麒,html:初评级阶段:罗仁麒 偶像练习生:200:11 | html:主题曲考核阶段:罗仁麒 偶像练习生:200:14 | html:位置测评阶段:罗仁麒 偶像练习生:200:15 | html:排名发布阶段:罗仁麒 偶像练习生:200:13 | html:合作舞台阶段:罗仁麒 偶像练习生:200:20 | html:总决赛阶段:罗仁麒 偶像练习生:200:13,1,6,6
idol_producer_077,罗杰,html:初评级阶段:罗杰 偶像练习生:200:11 | html:主题曲考核阶段:罗杰 偶像练习生:200:11 | html:位置测评阶段:罗杰 偶像练习生:200:12 | html:排名发布阶段:罗杰 偶像练习生:200:15 | html:合作舞台阶段:罗杰 偶像练习生:200:8 | html:总决赛阶段:罗杰 偶像练习生:200:29,1,6,6
idol_producer_078,罗正,html:初评级阶段:罗正 偶像练习生:200:7 | html:主题曲考核阶段:罗正 偶像练习生:200:11 | html:位置测评阶段:罗正 偶像练习生:200:8 | html:排名发布阶段:罗正 偶像练习生:200:25 | html:合作舞台阶段:罗正 偶像练习生:200:17 | html:总决赛阶段:罗正 偶像练习生:200:22,1,6,6
idol_producer_079,胡致邦,html:初评级阶段:胡致邦 偶像练习生:200:8 | html:主题曲考核阶段:胡致邦 偶像练习生:200:15 | html:位置测评阶段:胡致邦 偶像练习生:200:11 | html:排名发布阶段:胡致邦 偶像练习生:200:17 | html:合作舞台阶段:胡致邦 偶像练习生:200:22 | html:总决赛阶段:胡致邦 偶像练习生:200:19,1,6,6
idol_producer_080,董岩磊,html:初评级阶段:董岩磊 偶像练习生:200:13 | html:主题曲考核阶段:董岩磊 偶像练习生:200:8 | html:位置测评阶段:董岩磊 偶像练习生:200:11 | html:排名发布阶段:董岩磊 偶像练习生:200:14 | html:合作舞台阶段:董岩磊 偶像练习生:200:21 | html:总决赛阶段:董岩磊 偶像练习生:200:16,1,6,6
idol_producer_081,覃俊毅,html:初评级阶段:覃俊毅 偶像练习生:200:15 | html:主题曲考核阶段:覃俊毅 偶像练习生:200:7 | html:位置测评阶段:覃俊毅 偶像练习生:200:13 | html:排名发布阶段:覃俊毅 偶像练习生:200:18 | html:合作舞台阶段:覃俊毅 偶像练习生:200:25 | html:总决赛阶段:覃俊毅 偶像练习生:200:12,1,6,6
idol_producer_082,许凯皓,html:初评级阶段:许凯皓 偶像练习生:200:15 | html:主题曲考核阶段:许凯皓 偶像练习生:200:15 | html:位置测评阶段:许凯皓 偶像练习生:200:11 | html:排名发布阶段:许凯皓 偶像练习生:200:16 | html:合作舞台阶段:许凯皓 偶像练习生:200:21 | html:总决赛阶段:许凯皓 偶像练习生:200:18,1,6,6
idol_producer_083,贝汯璘,html:初评级阶段:贝汯璘 偶像练习生:200:19 | html:主题曲考核阶段:贝汯璘 偶像练习生:200:15 | html:位置测评阶段:贝汯璘 偶像练习生:200:14 | html:排名发布阶段:贝汯璘 偶像练习生:200:15 | html:合作舞台阶段:贝汯璘 偶像练习生:200:19 | html:总决赛阶段:贝汯璘 偶像练习生:200:22,1,6,6
idol_producer_084,赵俞澈,html:初评级阶段:赵俞澈 偶像练习生:200:11 | html:主题曲考核阶段:赵俞澈 偶像练习生:200:8 | html:位置测评阶段:赵俞澈 偶像练习生:200:9 | html:排名发布阶段:赵俞澈 偶像练习生:200:15 | html:合作舞台阶段:赵俞澈 偶像练习生:200:14 | html:总决赛阶段:赵俞澈 偶像练习生:200:24,1,6,6
idol_producer_085,赵凌峰,html:初评级阶段:赵凌峰 偶像练习生:200:8 | html:主题曲考核阶段:赵凌峰 偶像练习生:200:7 | html:位置测评阶段:赵凌峰 偶像练习生:200:7 | html:排名发布阶段:赵凌峰 偶像练习生:200:12 | html:合作舞台阶段:赵凌峰 偶像练习生:200:12 | html:总决赛阶段:赵凌峰 偶像练习生:200:29,1,6,6
idol_producer_086,邓烺怡,html:初评级阶段:邓烺怡 偶像练习生:200:7 | html:主题曲考核阶段:邓烺怡 偶像练习生:200:28 | html:位置测评阶段:邓烺怡 偶像练习生:200:15 | html:排名发布阶段:邓烺怡 偶像练习生:200:9 | html:合作舞台阶段:邓烺怡 偶像练习生:200:14 | html:总决赛阶段:邓烺怡 偶像练习生:200:17,1,6,6
idol_producer_087,邱治谐,html:初评级阶段:邱治谐 偶像练习生:200:12 | html:主题曲考核阶段:邱治谐 偶像练习生:200:15 | html:位置测评阶段:邱治谐 偶像练习生:200:10 | html:排名发布阶段:邱治谐 偶像练习生:200:12 | html:合作舞台阶段:邱治谐 偶像练习生:200:14 | html:总决赛阶段:邱治谐 偶像练习生:200:20,1,6,6
idol_producer_088,金逸涵,html:初评级阶段:金逸涵 偶像练习生:200:10 | html:主题曲考核阶段:金逸涵 偶像练习生:200:7 | html:位置测评阶段:金逸涵 偶像练习生:200:11 | html:排名发布阶段:金逸涵 偶像练习生:200:12 | html:合作舞台阶段:金逸涵 偶像练习生:200:14 | html:总决赛阶段:金逸涵 偶像练习生:200:16,1,6,6
idol_producer_089,闵喆祥,html:初评级阶段:闵喆祥 偶像练习生:200:14 | html:主题曲考核阶段:闵喆祥 偶像练习生:200:15 | html:位置测评阶段:闵喆祥 偶像练习生:200:12 | html:排名发布阶段:闵喆祥 偶像练习生:200:12 | html:合作舞台阶段:闵喆祥 偶像练习生:200:13 | html:总决赛阶段:闵喆祥 偶像练习生:200:13,1,6,6
idol_producer_090,陆定昊,html:初评级阶段:陆定昊 偶像练习生:200:13 | html:主题曲考核阶段:陆定昊 偶像练习生:200:11 | html:位置测评阶段:陆定昊 偶像练习生:200:8 | html:排名发布阶段:陆定昊 偶像练习生:200:22 | html:合作舞台阶段:陆定昊 偶像练习生:200:18 | html:总决赛阶段:陆定昊 偶像练习生:200:29,1,6,6
idol_producer_091,陈义夫,html:初评级阶段:陈义夫 偶像练习生:200:11 | html:主题曲考核阶段:陈义夫 偶像练习生:200:11 | html:位置测评阶段:陈义夫 偶像练习生:200:11 | html:排名发布阶段:陈义夫 偶像练习生:200:12 | html:合作舞台阶段:陈义夫 偶像练习生:200:13 | html:总决赛阶段:陈义夫 偶像练习生:200:12,1,6,6
idol_producer_092,陈名豪,html:初评级阶段:陈名豪 偶像练习生:200:11 | html:主题曲考核阶段:陈名豪 偶像练习生:200:12 | html:位置测评阶段:陈名豪 偶像练习生:200:10 | html:排名发布阶段:陈名豪 偶像练习生:200:15 | html:合作舞台阶段:陈名豪 偶像练习生:200:19 | html:总决赛阶段:陈名豪 偶像练习生:200:16,1,6,6
idol_producer_093,陈斯琪,html:初评级阶段:陈斯琪 偶像练习生:200:11 | html:主题曲考核阶段:陈斯琪 偶像练习生:200:13 | html:位置测评阶段:陈斯琪 偶像练习生:200:12 | html:排名发布阶段:陈斯琪 偶像练习生:200:20 | html:合作舞台阶段:陈斯琪 偶像练习生:200:18 | html:总决赛阶段:陈斯琪 偶像练习生:200:30,1,6,6
idol_producer_094,靖佩瑶,html:初评级阶段:靖佩瑶 偶像练习生:200:7 | html:主题曲考核阶段:靖佩瑶 偶像练习生:200:11 | html:位置测评阶段:靖佩瑶 偶像练习生:200:13 | html:排名发布阶段:靖佩瑶 偶像练习生:200:13 | html:合作舞台阶段:靖佩瑶 偶像练习生:200:20 | html:总决赛阶段:靖佩瑶 偶像练习生:200:23,1,6,6
idol_producer_095,韩沐伯,html:初评级阶段:韩沐伯 偶像练习生:200:11 | html:主题曲考核阶段:韩沐伯 偶像练习生:200:11 | html:位置测评阶段:韩沐伯 偶像练习生:200:15 | html:排名发布阶段:韩沐伯 偶像练习生:200:20 | html:合作舞台阶段:韩沐伯 偶像练习生:200:23 | html:总决赛阶段:韩沐伯 偶像练习生:200:29,1,6,6
idol_producer_096,韩雍杰,html:初评级阶段:韩雍杰 偶像练习生:200:10 | html:主题曲考核阶段:韩雍杰 偶像练习生:200:7 | html:位置测评阶段:韩雍杰 偶像练习生:200:13 | html:排名发布阶段:韩雍杰 偶像练习生:200:11 | html:合作舞台阶段:韩雍杰 偶像练习生:200:18 | html:总决赛阶段:韩雍杰 偶像练习生:200:29,1,6,6
idol_producer_097,高茂桐,html:初评级阶段:高茂桐 偶像练习生:200:11 | html:主题曲考核阶段:高茂桐 偶像练习生:200:15 | html:位置测评阶段:高茂桐 偶像练习生:200:6 | html:排名发布阶段:高茂桐 偶像练习生:200:14 | html:合作舞台阶段:高茂桐 偶像练习生:200:16 | html:总决赛阶段:高茂桐 偶像练习生:200:21,1,6,6
idol_producer_098,黄书豪,html:初评级阶段:黄书豪 偶像练习生:200:3 | html:主题曲考核阶段:黄书豪 偶像练习生:200:11 | html:位置测评阶段:黄书豪 偶像练习生:200:9 | html:排名发布阶段:黄书豪 偶像练习生:200:27 | html:合作舞台阶段:黄书豪 偶像练习生:200:19 | html:总决赛阶段:黄书豪 偶像练习生:200:25,1,6,6
idol_producer_099,黄新淳,html:初评级阶段:黄新淳 偶像练习生:200:7 | html:主题曲考核阶段:黄新淳 偶像练习生:200:9 | html:位置测评阶段:黄新淳 偶像练习生:200:9 | html:排名发布阶段:黄新淳 偶像练习生:200:19 | html:合作舞台阶段:黄新淳 偶像练习生:200:17 | html:总决赛阶段:黄新淳 偶像练习生:200:18,1,6,6
idol_producer_100,黄若涵,html:初评级阶段:黄若涵 偶像练习生:200:11 | html:主题曲考核阶段:黄若涵 偶像练习生:200:11 | html:位置测评阶段:黄若涵 偶像练习生:200:7 | html:排名发布阶段:黄若涵 偶像练习生:200:12 | html:合作舞台阶段:黄若涵 偶像练习生:200:17 | html:总决赛阶段:黄若涵 偶像练习生:200:17,1,6,6
