trainee_id,trainee_name,tag,count,share
idol_producer_001,蔡徐坤,蔡徐坤,45,0.276074
idol_producer_001,蔡徐坤,偶像练习生蔡徐坤,35,0.214724
idol_producer_001,蔡徐坤,偶像练习生,25,0.153374
idol_producer_001,蔡徐坤,I Wanna Get Love,19,0.116564
idol_producer_001,蔡徐坤,偶像练习生VIP千人见面会,5,0.030675
idol_producer_001,蔡徐坤,偶像练习生千人见面会,4,0.02454
idol_producer_001,蔡徐坤,蔡徐坤了解一下,3,0.018405
idol_producer_001,蔡徐坤,Justin,2,0.01227
idol_producer_001,蔡徐坤,先生资讯,2,0.01227
idol_producer_001,蔡徐坤,小鬼王琳凯,2,0.01227
idol_producer_001,蔡徐坤,尤长靖,2,0.01227
idol_producer_001,蔡徐坤,朱正廷,2,0.01227
idol_producer_001,蔡徐坤,林彦俊,2,0.01227
idol_producer_001,蔡徐坤,爱豆APP,2,0.01227
idol_producer_001,蔡徐坤,王子异,2,0.01227
idol_producer_001,蔡徐坤,范丞丞,2,0.01227
idol_producer_001,蔡徐坤,陈立农,2,0.01227
idol_producer_001,蔡徐坤,黄明昊,2,0.01227
idol_producer_001,蔡徐坤,Nine Percent,1,0.006135
idol_producer_001,蔡徐坤,偶像有新番,1,0.006135
idol_producer_001,蔡徐坤,全世界最好的蔡徐坤,1,0.006135
idol_producer_001,蔡徐坤,蔡徐坤 C位出道,1,0.006135
idol_producer_001,蔡徐坤,蔡徐坤c位出道,1,0.006135
idol_producer_002,陈立农,偶像练习生,52,0.335484
idol_producer_002,陈立农,陈立农,42,0.270968
idol_producer_002,陈立农,偶像练习生陈立农,20,0.129032
idol_producer_002,陈立农,尤长靖,3,0.019355
idol_producer_002,陈立农,林彦俊,3,0.019355
idol_producer_002,陈立农,蔡徐坤,3,0.019355
idol_producer_002,陈立农,Nine percent,2,0.012903
idol_producer_002,陈立农,偶像有新番,2,0.012903
idol_producer_002,陈立农,小鬼—王琳凯,2,0.012903
idol_producer_002,陈立农,朱正廷,2,0.012903
idol_producer_002,陈立农,王子异,2,0.012903
idol_producer_002,陈立农,盖饭应援,2,0.012903
idol_producer_002,陈立农,范丞丞,2,0.012903
idol_producer_002,陈立农,陈立农偶像练习生,2,0.012903
idol_producer_002,陈立农,黄明昊,2,0.012903
idol_producer_002,陈立农,9%,1,0.006452
idol_producer_002,陈立农,9人出道,1,0.006452
idol_producer_002,陈立农,人气明星榜,1,0.006452
idol_producer_002,陈立农,偶像练习生出道名,1,0.006452
idol_producer_002,陈立农,偶像练习生出道名单预测,1,0.006452
idol_producer_002,陈立农,求水逆不犯我爱之人,1,0.006452
idol_producer_002,陈立农,海报星图,1,0.006452
idol_producer_002,陈立农,王子异家,1,0.006452
idol_producer_002,陈立农,范丞丞爸妈,1,0.006452
idol_producer_002,陈立农,"蔡徐坤,了解一下",1,0.006452
idol_producer_002,陈立农,蔡徐坤c位出道,1,0.006452
idol_producer_002,陈立农,陈建州 陈立农,1,0.006452
idol_producer_002,陈立农,陈立农快乐大本营,1,0.006452
idol_producer_002,陈立农,陈立农超级话题,1,0.006452
idol_producer_003,范丞丞,偶像练习生,33,0.253846
idol_producer_003,范丞丞,范丞丞,28,0.215385
idol_producer_003,范丞丞,偶像练习生范丞丞,18,0.138462
idol_producer_003,范丞丞,朱正廷,5,0.038462
idol_producer_003,范丞丞,偶像练习生VIP千人见面会,4,0.030769
idol_producer_003,范丞丞,蔡徐坤,4,0.030769
idol_producer_003,范丞丞,偶像练习生蔡徐坤,2,0.015385
idol_producer_003,范丞丞,小鬼—王琳凯,2,0.015385
idol_producer_003,范丞丞,尤长靖,2,0.015385
idol_producer_003,范丞丞,林彦俊,2,0.015385
idol_producer_003,范丞丞,陈立农,2,0.015385
idol_producer_003,范丞丞,黄明昊,2,0.015385
idol_producer_003,范丞丞,9%,1,0.007692
idol_producer_003,范丞丞,9人出道,1,0.007692
idol_producer_003,范丞丞,Nine percent,1,0.007692
idol_producer_003,范丞丞,偶像练习生justin,1,0.007692
idol_producer_003,范丞丞,偶像练习生出道名,1,0.007692
idol_producer_003,范丞丞,偶像练习生出道名单预测,1,0.007692
idol_producer_003,范丞丞,偶像练习生小鬼,1,0.007692
idol_producer_003,范丞丞,偶像练习生尤长靖,1,0.007692
idol_producer_003,范丞丞,偶像练习生朱星杰,1,0.007692
idol_producer_003,范丞丞,偶像练习生朱正廷,1,0.007692
idol_producer_003,范丞丞,偶像练习生钱正昊,1,0.007692
idol_producer_003,范丞丞,偶像练习生陆定昊,1,0.007692
idol_producer_003,范丞丞,偶像练习生陈立农,1,0.007692
idol_producer_003,范丞丞,告别脆弱，发现强韧,1,0.007692
idol_producer_003,范丞丞,林超泽,1,0.007692
idol_producer_003,范丞丞,海报星图,1,0.007692
idol_producer_003,范丞丞,王子异,1,0.007692
idol_producer_003,范丞丞,王子异家,1,0.007692
idol_producer_003,范丞丞,芒辰分享,1,0.007692
idol_producer_003,范丞丞,范丞丞爸妈,1,0.007692
idol_producer_003,范丞丞,范冰冰,1,0.007692
idol_producer_003,范丞丞,"蔡徐坤,了解一下",1,0.007692
idol_producer_003,范丞丞,蔡徐坤c位出道,1,0.007692
idol_producer_003,范丞丞,钱正昊,1,0.007692
idol_producer_003,范丞丞,陈建州 陈立农,1,0.007692
idol_producer_003,范丞丞,黄书豪,1,0.007692
idol_producer_004,黄明昊,黄明昊,48,0.274286
idol_producer_004,黄明昊,偶像练习生justin,28,0.16
idol_producer_004,黄明昊,偶像练习生,23,0.131429
idol_producer_004,黄明昊,justin黄明昊,9,0.051429
idol_producer_004,黄明昊,范丞丞,7,0.04
idol_producer_004,黄明昊,偶像练习生VIP千人见面会,5,0.028571
idol_producer_004,黄明昊,朱正廷,5,0.028571
idol_producer_004,黄明昊,陈立农,4,0.022857
idol_producer_004,黄明昊,justin偶像练习生,3,0.017143
idol_producer_004,黄明昊,百变精灵justin,3,0.017143
idol_producer_004,黄明昊,蔡徐坤,3,0.017143
idol_producer_004,黄明昊,黄明昊justin0219生日快乐,3,0.017143
idol_producer_004,黄明昊,偶像练习生千人见面会,2,0.011429
idol_producer_004,黄明昊,小鬼—王琳凯,2,0.011429
idol_producer_004,黄明昊,尤长靖,2,0.011429
idol_producer_004,黄明昊,林彦俊,2,0.011429
idol_producer_004,黄明昊,毕雯珺,2,0.011429
idol_producer_004,黄明昊,盖饭应援,2,0.011429
idol_producer_004,黄明昊,ForFans福利社,1,0.005714
idol_producer_004,黄明昊,ForFans追星App,1,0.005714
idol_producer_004,黄明昊,丁泽仁,1,0.005714
idol_producer_004,黄明昊,乐华七子,1,0.005714
idol_producer_004,黄明昊,乐华练习生,1,0.005714
idol_producer_004,黄明昊,偶像练习生Justin,1,0.005714
idol_producer_004,黄明昊,卜凡,1,0.005714
idol_producer_004,黄明昊,周锐,1,0.005714
idol_producer_004,黄明昊,娄滋博boi,1,0.005714
idol_producer_004,黄明昊,李权哲,1,0.005714
idol_producer_004,黄明昊,海报星图,1,0.005714
idol_producer_004,黄明昊,王子异,1,0.005714
idol_producer_004,黄明昊,王子异家,1,0.005714
idol_producer_004,黄明昊,百变精灵Justin,1,0.005714
idol_producer_004,黄明昊,美空推荐,1,0.005714
idol_producer_004,黄明昊,范丞丞爸妈,1,0.005714
idol_producer_004,黄明昊,"蔡徐坤,了解一下",1,0.005714
idol_producer_004,黄明昊,蔡徐坤c位出道,1,0.005714
idol_producer_004,黄明昊,郑锐彬,1,0.005714
idol_producer_004,黄明昊,陈建州 陈立农,1,0.005714
idol_producer_004,黄明昊,黄新淳,1,0.005714
idol_producer_004,黄明昊,黄明昊偶像练习生,1,0.005714
idol_producer_005,林彦俊,林彦俊,33,0.24812
idol_producer_005,林彦俊,偶像练习生,32,0.240602
idol_producer_005,林彦俊,偶像练习生林彦俊,25,0.18797
idol_producer_005,林彦俊,林彦俊 鬼屋,4,0.030075
idol_producer_005,林彦俊,尤长靖,3,0.022556
idol_producer_005,林彦俊,蔡徐坤,3,0.022556
idol_producer_005,林彦俊,陈立农,3,0.022556
idol_producer_005,林彦俊,Nine percent,2,0.015038
idol_producer_005,林彦俊,小鬼—王琳凯,2,0.015038
idol_producer_005,林彦俊,明星来了,2,0.015038
idol_producer_005,林彦俊,朱正廷,2,0.015038
idol_producer_005,林彦俊,林彦俊偶像练习生,2,0.015038
idol_producer_005,林彦俊,王子异,2,0.015038
idol_producer_005,林彦俊,范丞丞,2,0.015038
idol_producer_005,林彦俊,黄明昊,2,0.015038
idol_producer_005,林彦俊,9%,1,0.007519
idol_producer_005,林彦俊,9人出道,1,0.007519
idol_producer_005,林彦俊,Nine Percent,1,0.007519
idol_producer_005,林彦俊,trainee18林彦俊,1,0.007519
idol_producer_005,林彦俊,哔哩哔哩,1,0.007519
idol_producer_005,林彦俊,林彦俊偶像制霸,1,0.007519
idol_producer_005,林彦俊,海报星图,1,0.007519
idol_producer_005,林彦俊,漫撕男林彦俊,1,0.007519
idol_producer_005,林彦俊,王子异家,1,0.007519
idol_producer_005,林彦俊,范丞丞爸妈,1,0.007519
idol_producer_005,林彦俊,"蔡徐坤,了解一下",1,0.007519
idol_producer_005,林彦俊,蔡徐坤c位出道,1,0.007519
idol_producer_005,林彦俊,陈建州 陈立农,1,0.007519
idol_producer_005,林彦俊,香蕉娱乐trainee18,1,0.007519
idol_producer_006,朱正廷,偶像练习生,28,0.208955
idol_producer_006,朱正廷,朱正廷,25,0.186567
idol_producer_006,朱正廷,偶像练习生朱正廷,15,0.11194
idol_producer_006,朱正廷,偶像练习生出道名,9,0.067164
idol_producer_006,朱正廷,超级星饭团,9,0.067164
idol_producer_006,朱正廷,盖饭应援,5,0.037313
idol_producer_006,朱正廷,范丞丞,5,0.037313
idol_producer_006,朱正廷,蔡徐坤,4,0.029851
idol_producer_006,朱正廷,朱正廷偶像练习生,3,0.022388
idol_producer_006,朱正廷,小鬼—王琳凯,2,0.014925
idol_producer_006,朱正廷,尤长靖,2,0.014925
idol_producer_006,朱正廷,朱正廷直拍,2,0.014925
idol_producer_006,朱正廷,林彦俊,2,0.014925
idol_producer_006,朱正廷,陈立农,2,0.014925
idol_producer_006,朱正廷,黄明昊,2,0.014925
idol_producer_006,朱正廷,9%,1,0.007463
idol_producer_006,朱正廷,9人出道,1,0.007463
idol_producer_006,朱正廷,Nine percent,1,0.007463
idol_producer_006,朱正廷,人间仙子朱正廷,1,0.007463
idol_producer_006,朱正廷,偶像练习生VIP 千人见面会,1,0.007463
idol_producer_006,朱正廷,偶像练习生VIP千人见面会,1,0.007463
idol_producer_006,朱正廷,壕小奇发福利,1,0.007463
idol_producer_006,朱正廷,张艺兴,1,0.007463
idol_producer_006,朱正廷,张艺兴sheep,1,0.007463
idol_producer_006,朱正廷,朱正廷0318生日快乐,1,0.007463
idol_producer_006,朱正廷,朱正廷感言,1,0.007463
idol_producer_006,朱正廷,海报星图,1,0.007463
idol_producer_006,朱正廷,王子异,1,0.007463
idol_producer_006,朱正廷,王子异家,1,0.007463
idol_producer_006,朱正廷,范丞丞爸妈,1,0.007463
idol_producer_006,朱正廷,"蔡徐坤,了解一下",1,0.007463
idol_producer_006,朱正廷,蔡徐坤c位出道,1,0.007463
idol_producer_006,朱正廷,陈建州 陈立农,1,0.007463
idol_producer_006,朱正廷,陪你出道朱正廷,1,0.007463
idol_producer_007,王子异,偶像练习生,40,0.28169
idol_producer_007,王子异,王子异,24,0.169014
idol_producer_007,王子异,偶像练习生VIP千人见面会,19,0.133803
idol_producer_007,王子异,王子异为你而战,18,0.126761
idol_producer_007,王子异,偶像练习生王子异,5,0.035211
idol_producer_007,王子异,尤长靖,3,0.021127
idol_producer_007,王子异,林彦俊,3,0.021127
idol_producer_007,王子异,陈立农,3,0.021127
idol_producer_007,王子异,Nine percent,2,0.014085
idol_producer_007,王子异,小鬼—王琳凯,2,0.014085
idol_producer_007,王子异,朱正廷,2,0.014085
idol_producer_007,王子异,王子异家,2,0.014085
idol_producer_007,王子异,范丞丞,2,0.014085
idol_producer_007,王子异,蔡徐坤,2,0.014085
idol_producer_007,王子异,黄明昊,2,0.014085
idol_producer_007,王子异,9%,1,0.007042
idol_producer_007,王子异,9人出道,1,0.007042
idol_producer_007,王子异,偶像有新番,1,0.007042
idol_producer_007,王子异,偶像练习生vip千人见面会,1,0.007042
idol_producer_007,王子异,偶像练习生出道名,1,0.007042
idol_producer_007,王子异,偶像练习生出道名单预测,1,0.007042
idol_producer_007,王子异,偶像练习生蔡徐坤,1,0.007042
idol_producer_007,王子异,海报星图,1,0.007042
idol_producer_007,王子异,美空推荐,1,0.007042
idol_producer_007,王子异,范丞丞爸妈,1,0.007042
idol_producer_007,王子异,"蔡徐坤,了解一下",1,0.007042
idol_producer_007,王子异,蔡徐坤c位出道,1,0.007042
idol_producer_007,王子异,陈建州 陈立农,1,0.007042
idol_producer_008,小鬼,偶像练习生,62,0.413333
idol_producer_008,小鬼,小鬼王琳凯,17,0.113333
idol_producer_008,小鬼,偶像练习生小鬼,6,0.04
idol_producer_008,小鬼,偶像有新番,5,0.033333
idol_producer_008,小鬼,偶像练习生蔡徐坤,3,0.02
idol_producer_008,小鬼,范丞丞,3,0.02
idol_producer_008,小鬼,偶像练习生出道名,2,0.013333
idol_producer_008,小鬼,小鬼—王琳凯,2,0.013333
idol_producer_008,小鬼,尤长靖,2,0.013333
idol_producer_008,小鬼,朱正廷,2,0.013333
idol_producer_008,小鬼,林彦俊,2,0.013333
idol_producer_008,小鬼,林超泽,2,0.013333
idol_producer_008,小鬼,蔡徐坤,2,0.013333
idol_producer_008,小鬼,陈立农,2,0.013333
idol_producer_008,小鬼,黄明昊,2,0.013333
idol_producer_008,小鬼,9%,1,0.006667
idol_producer_008,小鬼,9人出道,1,0.006667
idol_producer_008,小鬼,Max一下，意犹未尽,1,0.006667
idol_producer_008,小鬼,Nine percent,1,0.006667
idol_producer_008,小鬼,偶像练习生justin,1,0.006667
idol_producer_008,小鬼,偶像练习生vip千人见面会,1,0.006667
idol_producer_008,小鬼,偶像练习生出道名单预测,1,0.006667
idol_producer_008,小鬼,偶像练习生尤长靖,1,0.006667
idol_producer_008,小鬼,偶像练习生排名,1,0.006667
idol_producer_008,小鬼,偶像练习生朱星杰,1,0.006667
idol_producer_008,小鬼,偶像练习生朱正廷,1,0.006667
idol_producer_008,小鬼,偶像练习生范丞丞,1,0.006667
idol_producer_008,小鬼,偶像练习生钱正昊,1,0.006667
idol_producer_008,小鬼,偶像练习生陆定昊,1,0.006667
idol_producer_008,小鬼,偶像练习生陈立农,1,0.006667
idol_producer_008,小鬼,偶像练习生黄书豪,1,0.006667
idol_producer_008,小鬼,北音学子,1,0.006667
idol_producer_008,小鬼,卜凡,1,0.006667
idol_producer_008,小鬼,周锐zee,1,0.006667
idol_producer_008,小鬼,小梅花情怀,1,0.006667
idol_producer_008,小鬼,小鬼视频,1,0.006667
idol_producer_008,小鬼,朱星杰,1,0.006667
idol_producer_008,小鬼,毕雯珺,1,0.006667
idol_producer_008,小鬼,海报星图,1,0.006667
idol_producer_008,小鬼,王子异,1,0.006667
idol_producer_008,小鬼,王子异家,1,0.006667
idol_producer_008,小鬼,秦子墨,1,0.006667
idol_producer_008,小鬼,美空推荐,1,0.006667
idol_producer_008,小鬼,范丞丞爸妈,1,0.006667
idol_producer_008,小鬼,"蔡徐坤,了解一下",1,0.006667
idol_producer_008,小鬼,蔡徐坤c位出道,1,0.006667
idol_producer_008,小鬼,陆定昊,1,0.006667
idol_producer_008,小鬼,陈名豪,1,0.006667
idol_producer_008,小鬼,陈建州 陈立农,1,0.006667
idol_producer_008,小鬼,黄书豪,1,0.006667
idol_producer_008,小鬼,黄新淳,1,0.006667
idol_producer_009,尤长靖,偶像练习生,35,0.343137
idol_producer_009,尤长靖,尤长靖,15,0.147059
idol_producer_009,尤长靖,偶像练习生尤长靖,12,0.117647
idol_producer_009,尤长靖,林彦俊,3,0.029412
idol_producer_009,尤长靖,陈立农,3,0.029412
idol_producer_009,尤长靖,香蕉娱乐trainee18,3,0.029412
idol_producer_009,尤长靖,Nine percent,2,0.019608
idol_producer_009,尤长靖,小鬼—王琳凯,2,0.019608
idol_producer_009,尤长靖,朱正廷,2,0.019608
idol_producer_009,尤长靖,王子异,2,0.019608
idol_producer_009,尤长靖,范丞丞,2,0.019608
idol_producer_009,尤长靖,蔡徐坤,2,0.019608
idol_producer_009,尤长靖,黄明昊,2,0.019608
idol_producer_009,尤长靖,9%,1,0.009804
idol_producer_009,尤长靖,9人出道,1,0.009804
idol_producer_009,尤长靖,主唱大人尤长靖,1,0.009804
idol_producer_009,尤长靖,偶像练习生justin,1,0.009804
idol_producer_009,尤长靖,偶像练习生出道名,1,0.009804
idol_producer_009,尤长靖,偶像练习生出道名单预测,1,0.009804
idol_producer_009,尤长靖,偶像练习生小鬼,1,0.009804
idol_producer_009,尤长靖,偶像练习生朱星杰,1,0.009804
idol_producer_009,尤长靖,偶像练习生朱正廷,1,0.009804
idol_producer_009,尤长靖,偶像练习生范丞丞,1,0.009804
idol_producer_009,尤长靖,偶像练习生蔡徐坤,1,0.009804
idol_producer_009,尤长靖,偶像练习生钱正昊,1,0.009804
idol_producer_009,尤长靖,偶像练习生陆定昊,1,0.009804
idol_producer_009,尤长靖,偶像练习生陈立农,1,0.009804
idol_producer_009,尤长靖,林超泽,1,0.009804
idol_producer_009,尤长靖,"蔡徐坤,了解一下",1,0.009804
idol_producer_009,尤长靖,黄书豪,1,0.009804
idol_producer_010,毕雯珺,偶像练习生,38,0.283582
idol_producer_010,毕雯珺,毕雯珺,26,0.19403
idol_producer_010,毕雯珺,偶像练习生毕雯珺,17,0.126866
idol_producer_010,毕雯珺,范丞丞,6,0.044776
idol_producer_010,毕雯珺,黄新淳,5,0.037313
idol_producer_010,毕雯珺,justin黄明昊,4,0.029851
idol_producer_010,毕雯珺,丁泽仁,4,0.029851
idol_producer_010,毕雯珺,朱正廷,4,0.029851
idol_producer_010,毕雯珺,李权哲,4,0.029851
idol_producer_010,毕雯珺,黄明昊,3,0.022388
idol_producer_010,毕雯珺,乐华七子,2,0.014925
idol_producer_010,毕雯珺,卜凡,2,0.014925
idol_producer_010,毕雯珺,CPA打卡,1,0.007463
idol_producer_010,毕雯珺,乐华line,1,0.007463
idol_producer_010,毕雯珺,偶像有新番,1,0.007463
idol_producer_010,毕雯珺,偶像练习生尤长靖,1,0.007463
idol_producer_010,毕雯珺,偶像练习生蔡徐坤,1,0.007463
idol_producer_010,毕雯珺,偶像练习生黄书豪,1,0.007463
idol_producer_010,毕雯珺,周锐,1,0.007463
idol_producer_010,毕雯珺,周锐zee,1,0.007463
idol_producer_010,毕雯珺,娄滋博boi,1,0.007463
idol_producer_010,毕雯珺,小鬼王琳凯,1,0.007463
idol_producer_010,毕雯珺,朱星杰,1,0.007463
idol_producer_010,毕雯珺,林超泽,1,0.007463
idol_producer_010,毕雯珺,爱奇艺,1,0.007463
idol_producer_010,毕雯珺,秦子墨,1,0.007463
idol_producer_010,毕雯珺,范丞丞 第一,1,0.007463
idol_producer_010,毕雯珺,蔡徐坤,1,0.007463
idol_producer_010,毕雯珺,郑锐彬,1,0.007463
idol_producer_010,毕雯珺,陆定昊,1,0.007463
idol_producer_010,毕雯珺,陈名豪,1,0.007463
idol_producer_011,钱正昊,偶像练习生,46,0.403509
idol_producer_011,钱正昊,钱正昊,30,0.263158
idol_producer_011,钱正昊,偶像练习生钱正昊,23,0.201754
idol_producer_011,钱正昊,偶像有新番,1,0.008772
idol_producer_011,钱正昊,偶像练习生justin,1,0.008772
idol_producer_011,钱正昊,偶像练习生小鬼,1,0.008772
idol_producer_011,钱正昊,偶像练习生尤长靖,1,0.008772
idol_producer_011,钱正昊,偶像练习生朱星杰,1,0.008772
idol_producer_011,钱正昊,偶像练习生朱正廷,1,0.008772
idol_producer_011,钱正昊,偶像练习生范丞丞,1,0.008772
idol_producer_011,钱正昊,偶像练习生蔡徐坤,1,0.008772
idol_producer_011,钱正昊,偶像练习生陆定昊,1,0.008772
idol_producer_011,钱正昊,偶像练习生陈立农,1,0.008772
idol_producer_011,钱正昊,冒个泡,1,0.008772
idol_producer_011,钱正昊,林超泽,1,0.008772
idol_producer_011,钱正昊,范丞丞,1,0.008772
idol_producer_011,钱正昊,钱正昊 高音,1,0.008772
idol_producer_011,钱正昊,黄书豪,1,0.008772
idol_producer_012,卜凡,偶像练习生,39,0.382353
idol_producer_012,卜凡,卜凡,16,0.156863
idol_producer_012,卜凡,偶像练习生卜凡,3,0.029412
idol_producer_012,卜凡,坤音四子,3,0.029412
idol_producer_012,卜凡,坤音女孩绝不认输,3,0.029412
idol_producer_012,卜凡,岳岳pinkray,3,0.029412
idol_producer_012,卜凡,木子洋,3,0.029412
idol_producer_012,卜凡,灵超,3,0.029412
idol_producer_012,卜凡,范丞丞,3,0.029412
idol_producer_012,卜凡,BC221,2,0.019608
idol_producer_012,卜凡,毕雯珺,2,0.019608
idol_producer_012,卜凡,海报星图,2,0.019608
idol_producer_012,卜凡,蔡徐坤,2,0.019608
idol_producer_012,卜凡,bc221,1,0.009804
idol_producer_012,卜凡,justin黄明昊,1,0.009804
idol_producer_012,卜凡,亮点,1,0.009804
idol_producer_012,卜凡,偶像练习生出道名,1,0.009804
idol_producer_012,卜凡,偶像练习生出道名单预测,1,0.009804
idol_producer_012,卜凡,偶像练习生蔡徐坤,1,0.009804
idol_producer_012,卜凡,偶像练习生黄书豪,1,0.009804
idol_producer_012,卜凡,周锐zee,1,0.009804
idol_producer_012,卜凡,坤音娱乐,1,0.009804
idol_producer_012,卜凡,小鬼王琳凯,1,0.009804
idol_producer_012,卜凡,排名,1,0.009804
idol_producer_012,卜凡,朱星杰,1,0.009804
idol_producer_012,卜凡,林超泽,1,0.009804
idol_producer_012,卜凡,秦子墨,1,0.009804
idol_producer_012,卜凡,蔡徐坤第一,1,0.009804
idol_producer_012,卜凡,陆定昊,1,0.009804
idol_producer_012,卜凡,陈名豪,1,0.009804
idol_producer_012,卜凡,黄新淳,1,0.009804
idol_producer_013,李希侃,偶像练习生,44,0.619718
idol_producer_013,李希侃,李希侃,13,0.183099
idol_producer_013,李希侃,偶像练习生李希侃,5,0.070423
idol_producer_013,李希侃,李希侃偶像练习生,2,0.028169
idol_producer_013,李希侃,偶像练习生VIP千人见面会,1,0.014085
idol_producer_013,李希侃,偶像练习生[话题],1,0.014085
idol_producer_013,李希侃,壕小奇发福利,1,0.014085
idol_producer_013,李希侃,小鬼—王琳凯,1,0.014085
idol_producer_013,李希侃,林超泽,1,0.014085
idol_producer_013,李希侃,蔡徐坤c位出道,1,0.014085
idol_producer_013,李希侃,黄明昊,1,0.014085
idol_producer_014,朱星杰,偶像练习生,49,0.485149
idol_producer_014,朱星杰,朱星杰,14,0.138614
idol_producer_014,朱星杰,偶像练习生朱星杰,6,0.059406
idol_producer_014,朱星杰,偶像练习生蔡徐坤,2,0.019802
idol_producer_014,朱星杰,小鬼王琳凯,2,0.019802
idol_producer_014,朱星杰,林超泽,2,0.019802
idol_producer_014,朱星杰,偶像练习生justin,1,0.009901
idol_producer_014,朱星杰,偶像练习生vip千人见面会,1,0.009901
idol_producer_014,朱星杰,偶像练习生小鬼,1,0.009901
idol_producer_014,朱星杰,偶像练习生尤长靖,1,0.009901
idol_producer_014,朱星杰,偶像练习生排名,1,0.009901
idol_producer_014,朱星杰,偶像练习生朱正廷,1,0.009901
idol_producer_014,朱星杰,偶像练习生范丞丞,1,0.009901
idol_producer_014,朱星杰,偶像练习生钱正昊,1,0.009901
idol_producer_014,朱星杰,偶像练习生陆定昊,1,0.009901
idol_producer_014,朱星杰,偶像练习生陈立农,1,0.009901
idol_producer_014,朱星杰,偶像练习生黄书豪,1,0.009901
idol_producer_014,朱星杰,北音学子,1,0.009901
idol_producer_014,朱星杰,卜凡,1,0.009901
idol_producer_014,朱星杰,周锐zee,1,0.009901
idol_producer_014,朱星杰,张艺兴,1,0.009901
idol_producer_014,朱星杰,张艺兴偶像练习生,1,0.009901
idol_producer_014,朱星杰,朱星杰遗憾告别偶像练习生出道,1,0.009901
idol_producer_014,朱星杰,朱星杰，芥末永远支持你！,1,0.009901
idol_producer_014,朱星杰,毕雯珺,1,0.009901
idol_producer_014,朱星杰,秦子墨,1,0.009901
idol_producer_014,朱星杰,范丞丞,1,0.009901
idol_producer_014,朱星杰,蔡徐坤,1,0.009901
idol_producer_014,朱星杰,陆定昊,1,0.009901
idol_producer_014,朱星杰,陈名豪,1,0.009901
idol_producer_014,朱星杰,黄书豪,1,0.009901
idol_producer_014,朱星杰,黄新淳,1,0.009901
idol_producer_015,灵超,偶像练习生,53,0.504762
idol_producer_015,灵超,灵超,19,0.180952
idol_producer_015,灵超,卜凡,5,0.047619
idol_producer_015,灵超,坤音四子,4,0.038095
idol_producer_015,灵超,木子洋,4,0.038095
idol_producer_015,灵超,BC221,3,0.028571
idol_producer_015,灵超,坤音女孩绝不认输,3,0.028571
idol_producer_015,灵超,岳岳pinkray,3,0.028571
idol_producer_015,灵超,bc221,1,0.009524
idol_producer_015,灵超,偶像有新番,1,0.009524
idol_producer_015,灵超,偶像练习生出道名,1,0.009524
idol_producer_015,灵超,周锐,1,0.009524
idol_producer_015,灵超,坤音娱乐,1,0.009524
idol_producer_015,灵超,小半,1,0.009524
idol_producer_015,灵超,尤长靖,1,0.009524
idol_producer_015,灵超,岳岳,1,0.009524
idol_producer_015,灵超,灵超 小半,1,0.009524
idol_producer_015,灵超,郑锐彬,1,0.009524
idol_producer_015,灵超,钱正昊,1,0.009524
idol_producer_016,郑锐彬,偶像练习生,45,0.48913
idol_producer_016,郑锐彬,郑锐彬,16,0.173913
idol_producer_016,郑锐彬,偶像练习生郑锐彬,9,0.097826
idol_producer_016,郑锐彬,全能主唱郑锐彬,6,0.065217
idol_producer_016,郑锐彬,周锐,2,0.021739
idol_producer_016,郑锐彬,justin黄明昊,1,0.01087
idol_producer_016,郑锐彬,ninepercent百分九,1,0.01087
idol_producer_016,郑锐彬,乐华七子,1,0.01087
idol_producer_016,郑锐彬,偶像练习生VIP千人见面会,1,0.01087
idol_producer_016,郑锐彬,偶像练习生出道名,1,0.01087
idol_producer_016,郑锐彬,娄滋博boi,1,0.01087
idol_producer_016,郑锐彬,毕雯珺,1,0.01087
idol_producer_016,郑锐彬,灵超,1,0.01087
idol_producer_016,郑锐彬,爱奇艺直播,1,0.01087
idol_producer_016,郑锐彬,范丞丞,1,0.01087
idol_producer_016,郑锐彬,蔡徐坤,1,0.01087
idol_producer_016,郑锐彬,蔡徐坤第一,1,0.01087
idol_producer_016,郑锐彬,钱正昊,1,0.01087
idol_producer_016,郑锐彬,陈立农,1,0.01087
idol_producer_017,董又霖,偶像练习生,46,0.446602
idol_producer_017,董又霖,董又霖,22,0.213592
idol_producer_017,董又霖,jeffrey,4,0.038835
idol_producer_017,董又霖,偶像练习生Jeffrey董又霖,4,0.038835
idol_producer_017,董又霖,偶像练习生jeffrey,3,0.029126
idol_producer_017,董又霖,董又霖呆ffrey,3,0.029126
idol_producer_017,董又霖,jeffrey董又霖,2,0.019417
idol_producer_017,董又霖,林彦俊 jeffrey,2,0.019417
idol_producer_017,董又霖,董又霖偶像练习生,2,0.019417
idol_producer_017,董又霖,Jeffrey,1,0.009709
idol_producer_017,董又霖,Jeffrey 腹肌,1,0.009709
idol_producer_017,董又霖,Jeffrey胸肌,1,0.009709
idol_producer_017,董又霖,jeffrey胸肌,1,0.009709
idol_producer_017,董又霖,jeffrey鸡蛋,1,0.009709
idol_producer_017,董又霖,偶像有新番,1,0.009709
idol_producer_017,董又霖,偶像练习生毕雯珺,1,0.009709
idol_producer_017,董又霖,偶像练习生王子异,1,0.009709
idol_producer_017,董又霖,全世界最好的董又霖,1,0.009709
idol_producer_017,董又霖,小王子灵超,1,0.009709
idol_producer_017,董又霖,我的pick安利打卡,1,0.009709
idol_producer_017,董又霖,爱奇艺偶像练习生,1,0.009709
idol_producer_017,董又霖,王子异,1,0.009709
idol_producer_017,董又霖,胡巴为朱星杰加油,1,0.009709
idol_producer_017,董又霖,董又霖jeffrey,1,0.009709
idol_producer_018,秦奋,偶像练习生,39,0.672414
idol_producer_018,秦奋,秦奋roi,7,0.12069
idol_producer_018,秦奋,偶像练习生秦奋,4,0.068966
idol_producer_018,秦奋,送秦奋出道,2,0.034483
idol_producer_018,秦奋,偶像有新番,1,0.017241
idol_producer_018,秦奋,偶像练习生周彦辰,1,0.017241
idol_producer_018,秦奋,王嘉尔专业,1,0.017241
idol_producer_018,秦奋,秦奋Roi,1,0.017241
idol_producer_018,秦奋,范丞丞 第一,1,0.017241
idol_producer_018,秦奋,范丞丞第一,1,0.017241
idol_producer_019,林超泽,偶像练习生,41,0.359649
idol_producer_019,林超泽,林超泽,15,0.131579
idol_producer_019,林超泽,偶像练习生林超泽,10,0.087719
idol_producer_019,林超泽,偶像练习生尤长靖,3,0.026316
idol_producer_019,林超泽,偶像练习生蔡徐坤,3,0.026316
idol_producer_019,林超泽,香蕉娱乐trainee18,3,0.026316
idol_producer_019,林超泽,偶像练习生justin,2,0.017544
idol_producer_019,林超泽,朱正廷,2,0.017544
idol_producer_019,林超泽,林超泽的vc,2,0.017544
idol_producer_019,林超泽,VC FOR 林超泽,1,0.008772
idol_producer_019,林超泽,trainee18林超泽,1,0.008772
idol_producer_019,林超泽,偶像有新番,1,0.008772
idol_producer_019,林超泽,偶像练习生小鬼,1,0.008772
idol_producer_019,林超泽,偶像练习生朱星杰,1,0.008772
idol_producer_019,林超泽,偶像练习生朱正廷,1,0.008772
idol_producer_019,林超泽,偶像练习生范丞丞,1,0.008772
idol_producer_019,林超泽,偶像练习生钱正昊,1,0.008772
idol_producer_019,林超泽,偶像练习生陆定昊,1,0.008772
idol_producer_019,林超泽,偶像练习生陈立农,1,0.008772
idol_producer_019,林超泽,偶像练习生黄书豪,1,0.008772
idol_producer_019,林超泽,卜凡,1,0.008772
idol_producer_019,林超泽,周锐zee,1,0.008772
idol_producer_019,林超泽,小鬼—王琳凯,1,0.008772
idol_producer_019,林超泽,小鬼王琳凯,1,0.008772
idol_producer_019,林超泽,尤长靖,1,0.008772
idol_producer_019,林超泽,张艺兴,1,0.008772
idol_producer_019,林超泽,抄袭狗,1,0.008772
idol_producer_019,林超泽,朱星杰,1,0.008772
idol_producer_019,林超泽,朱正廷偶像练习生,1,0.008772
idol_producer_019,林超泽,朱正廷直拍,1,0.008772
idol_producer_019,林超泽,李希侃,1,0.008772
idol_producer_019,林超泽,林超泽0504生日快乐,1,0.008772
idol_producer_019,林超泽,毕雯珺,1,0.008772
idol_producer_019,林超泽,秦子墨,1,0.008772
idol_producer_019,林超泽,范丞丞,1,0.008772
idol_producer_019,林超泽,蔡徐坤,1,0.008772
idol_producer_019,林超泽,蔡徐坤c位出道,1,0.008772
idol_producer_019,林超泽,陆定昊,1,0.008772
idol_producer_019,林超泽,陈名豪,1,0.008772
idol_producer_019,林超泽,黄书豪,1,0.008772
idol_producer_019,林超泽,黄新淳,1,0.008772
idol_producer_019,林超泽,黄明昊,1,0.008772
idol_producer_020,徐圣恩,偶像练习生,65,0.451389
idol_producer_020,徐圣恩,徐圣恩,34,0.236111
idol_producer_020,徐圣恩,徐圣恩是我们的,26,0.180556
idol_producer_020,徐圣恩,偶像练习生徐圣恩,5,0.034722
idol_producer_020,徐圣恩,ETM_Academy,2,0.013889
idol_producer_020,徐圣恩,余明君,2,0.013889
idol_producer_020,徐圣恩,偶像有新番,2,0.013889
idol_producer_020,徐圣恩,李权哲,2,0.013889
idol_producer_020,徐圣恩,罗仁麒,2,0.013889
idol_producer_020,徐圣恩,韩沐伯,2,0.013889
idol_producer_020,徐圣恩,范丞丞,1,0.006944
idol_producer_020,徐圣恩,辰星娱乐,1,0.006944
idol_producer_021,丁泽仁,偶像练习生,43,0.401869
idol_producer_021,丁泽仁,丁泽仁,17,0.158879
idol_producer_021,丁泽仁,偶像练习生丁泽仁,9,0.084112
idol_producer_021,丁泽仁,朱正廷,6,0.056075
idol_producer_021,丁泽仁,向全世界安利丁泽仁,4,0.037383
idol_producer_021,丁泽仁,乐华line,3,0.028037
idol_producer_021,丁泽仁,李权哲,3,0.028037
idol_producer_021,丁泽仁,毕雯珺,3,0.028037
idol_producer_021,丁泽仁,范丞丞,3,0.028037
idol_producer_021,丁泽仁,黄新淳,3,0.028037
idol_producer_021,丁泽仁,justin黄明昊,2,0.018692
idol_producer_021,丁泽仁,黄明昊,2,0.018692
idol_producer_021,丁泽仁,丁泽仁未来可期,1,0.009346
idol_producer_021,丁泽仁,偶像练习生排名,1,0.009346
idol_producer_021,丁泽仁,偶像练习生朱正廷,1,0.009346
idol_producer_021,丁泽仁,偶言偶语,1,0.009346
idol_producer_021,丁泽仁,北音学子,1,0.009346
idol_producer_021,丁泽仁,哔哩哔哩,1,0.009346
idol_producer_021,丁泽仁,胡致邦,1,0.009346
idol_producer_021,丁泽仁,范丞丞 第一,1,0.009346
idol_producer_021,丁泽仁,范丞丞第一,1,0.009346
idol_producer_022,万宇贤,偶像练习生,8,0.444444
idol_producer_022,万宇贤,catchers男团,2,0.111111
idol_producer_022,万宇贤,catchers万宇贤,1,0.055556
idol_producer_022,万宇贤,catchers应智越,1,0.055556
idol_producer_022,万宇贤,catchers朱匀一,1,0.055556
idol_producer_022,万宇贤,catchers朱匀天,1,0.055556
idol_producer_022,万宇贤,catchers赵俞澈,1,0.055556
idol_producer_022,万宇贤,偶像练习生排名,1,0.055556
idol_producer_022,万宇贤,全民星访问,1,0.055556
idol_producer_022,万宇贤,北音学子,1,0.055556
idol_producer_023,于斌,偶像练习生,7,0.4375
idol_producer_023,于斌,杨非同,2,0.125
idol_producer_023,于斌,于斌归还世界给你,1,0.0625
idol_producer_023,于斌,偶像练习生于斌,1,0.0625
idol_producer_023,于斌,哔哩哔哩,1,0.0625
idol_producer_023,于斌,哔哩哔哩动画,1,0.0625
idol_producer_023,于斌,朱一文,1,0.0625
idol_producer_023,于斌,爱奇艺偶像练习生,1,0.0625
idol_producer_023,于斌,陈立农,1,0.0625
idol_producer_024,于浩,偶像练习生,36,0.391304
idol_producer_024,于浩,陈立农,18,0.195652
idol_producer_024,于浩,偶像练习生陈立农,11,0.119565
idol_producer_024,于浩,偶像练习生于浩,7,0.076087
idol_producer_024,于浩,陈立农偶像练习生,4,0.043478
idol_producer_024,于浩,陈立农超话瘫痪,3,0.032609
idol_producer_024,于浩,bilibili,2,0.021739
idol_producer_024,于浩,于浩,2,0.021739
idol_producer_024,于浩,iqiyi,1,0.01087
idol_producer_024,于浩,偶像練習生,1,0.01087
idol_producer_024,于浩,偶像练习生李权哲,1,0.01087
idol_producer_024,于浩,哔哩哔哩,1,0.01087
idol_producer_024,于浩,李权哲,1,0.01087
idol_producer_024,于浩,李荣浩,1,0.01087
idol_producer_024,于浩,李荣浩偶像练习生,1,0.01087
idol_producer_024,于浩,秒拍,1,0.01087
idol_producer_024,于浩,陪陈立农出道,1,0.01087
idol_producer_025,伽里,偶像练习生,43,0.581081
idol_producer_025,伽里,伽里,9,0.121622
idol_producer_025,伽里,偶像练习生伽里,5,0.067568
idol_producer_025,伽里,辰星娱乐,5,0.067568
idol_producer_025,伽里,杨非同,3,0.040541
idol_producer_025,伽里,偶像练习生杨非同,2,0.027027
idol_producer_025,伽里,bilibili,1,0.013514
idol_producer_025,伽里,伽里偶像练习生,1,0.013514
idol_producer_025,伽里,偶言偶语,1,0.013514
idol_producer_025,伽里,哔哩哔哩,1,0.013514
idol_producer_025,伽里,杨非同24小时紧急救援,1,0.013514
idol_producer_025,伽里,杨非同今天看镜头了吗,1,0.013514
idol_producer_025,伽里,秒拍,1,0.013514
idol_producer_026,何东东,偶像练习生,57,0.548077
idol_producer_026,何东东,何东东,24,0.230769
idol_producer_026,何东东,偶像练习生何东东,7,0.067308
idol_producer_026,何东东,蔡徐坤,3,0.028846
idol_producer_026,何东东,justin黄明昊,1,0.009615
idol_producer_026,何东东,丁泽仁,1,0.009615
idol_producer_026,何东东,何东东小情书,1,0.009615
idol_producer_026,何东东,偶像有新番,1,0.009615
idol_producer_026,何东东,周彦辰,1,0.009615
idol_producer_026,何东东,宇宙line,1,0.009615
idol_producer_026,何东东,朱星杰,1,0.009615
idol_producer_026,何东东,李长庚,1,0.009615
idol_producer_026,何东东,树的印记,1,0.009615
idol_producer_026,何东东,爸妈的偶练onepick,1,0.009615
idol_producer_026,何东东,秦奋,1,0.009615
idol_producer_026,何东东,程潇,1,0.009615
idol_producer_026,何东东,罗正,1,0.009615
idol_producer_027,何嘉庚,偶像练习生,12,0.461538
idol_producer_027,何嘉庚,国内组合,5,0.192308
idol_producer_027,何嘉庚,偶像练习生MERXIC成员访谈,2,0.076923
idol_producer_027,何嘉庚,杨非同,2,0.076923
idol_producer_027,何嘉庚,何嘉庚,1,0.038462
idol_producer_027,何嘉庚,偶像练习生MERXIC成员专访,1,0.038462
idol_producer_027,何嘉庚,哔哩哔哩,1,0.038462
idol_producer_027,何嘉庚,哔哩哔哩动画,1,0.038462
idol_producer_027,何嘉庚,爱奇艺偶像练习生,1,0.038462
idol_producer_028,余明君,偶像练习生,66,0.492537
idol_producer_028,余明君,偶像练习生余明君,19,0.141791
idol_producer_028,余明君,余明君,11,0.08209
idol_producer_028,余明君,麦锐练习生,8,0.059701
idol_producer_028,余明君,蔡徐坤,4,0.029851
idol_producer_028,余明君,麦锐娱乐,2,0.014925
idol_producer_028,余明君,ETMSkies,1,0.007463
idol_producer_028,余明君,ETM练习生培养中心,1,0.007463
idol_producer_028,余明君,bilibili,1,0.007463
idol_producer_028,余明君,乐华中国line,1,0.007463
idol_producer_028,余明君,余明君一定会出道,1,0.007463
idol_producer_028,余明君,偶像有新番,1,0.007463
idol_producer_028,余明君,偶像练习生何东东,1,0.007463
idol_producer_028,余明君,偶像练习生李让,1,0.007463
idol_producer_028,余明君,偶像练习生蔡徐坤,1,0.007463
idol_producer_028,余明君,偶像练习生邓烺怡,1,0.007463
idol_producer_028,余明君,偶像练习生陈立农,1,0.007463
idol_producer_028,余明君,写给偶像练习生余明君的话,1,0.007463
idol_producer_028,余明君,卜凡,1,0.007463
idol_producer_028,余明君,吕晨瑜,1,0.007463
idol_producer_028,余明君,尤长靖,1,0.007463
idol_producer_028,余明君,朱正廷,1,0.007463
idol_producer_028,余明君,李权哲,1,0.007463
idol_producer_028,余明君,爱奇艺花絮,1,0.007463
idol_producer_028,余明君,练习生,1,0.007463
idol_producer_028,余明君,范丞丞,1,0.007463
idol_producer_028,余明君,郑锐彬,1,0.007463
idol_producer_028,余明君,陈立农,1,0.007463
idol_producer_028,余明君,陪余明君走钻石路,1,0.007463
idol_producer_028,余明君,黄明昊,1,0.007463
idol_producer_029,侯浩然,偶像练习生,14,0.583333
idol_producer_029,侯浩然,陈立农,3,0.125
idol_producer_029,侯浩然,偶像练习生陈立农,2,0.083333
idol_producer_029,侯浩然,justin黄明昊,1,0.041667
idol_producer_029,侯浩然,侯浩然,1,0.041667
idol_producer_029,侯浩然,林超泽,1,0.041667
idol_producer_029,侯浩然,范丞丞,1,0.041667
idol_producer_029,侯浩然,蔡徐坤,1,0.041667
idol_producer_030,凌崎,偶像练习生,76,0.603175
idol_producer_030,凌崎,凌崎,21,0.166667
idol_producer_030,凌崎,X-TIME,4,0.031746
idol_producer_030,凌崎,凌崎偶像练习生,4,0.031746
idol_producer_030,凌崎,张奕轩偶像练习生,4,0.031746
idol_producer_030,凌崎,X-TIME时空手帐,3,0.02381
idol_producer_030,凌崎,偶像练习生凌崎,3,0.02381
idol_producer_030,凌崎,叶泓希偶像练习生,2,0.015873
idol_producer_030,凌崎,张昕偶像练习生,2,0.015873
idol_producer_030,凌崎,Day0409,1,0.007937
idol_producer_030,凌崎,Day0421,1,0.007937
idol_producer_030,凌崎,Day0437,1,0.007937
idol_producer_030,凌崎,X-FILE,1,0.007937
idol_producer_030,凌崎,x-time张昕,1,0.007937
idol_producer_030,凌崎,叶泓希,1,0.007937
idol_producer_030,凌崎,张奕轩,1,0.007937
idol_producer_031,叶泓希,偶像练习生,35,0.380435
idol_producer_031,叶泓希,叶泓希,15,0.163043
idol_producer_031,叶泓希,X-TIME,7,0.076087
idol_producer_031,叶泓希,X-TIME时空手帐,5,0.054348
idol_producer_031,叶泓希,叶泓希偶像练习生,5,0.054348
idol_producer_031,叶泓希,凌崎偶像练习生,4,0.043478
idol_producer_031,叶泓希,张奕轩偶像练习生,4,0.043478
idol_producer_031,叶泓希,张昕偶像练习生,3,0.032609
idol_producer_031,叶泓希,Day0409,1,0.01087
idol_producer_031,叶泓希,Day0417,1,0.01087
idol_producer_031,叶泓希,Day0424,1,0.01087
idol_producer_031,叶泓希,Day0445,1,0.01087
idol_producer_031,叶泓希,Day0458,1,0.01087
idol_producer_031,叶泓希,X-FILE,1,0.01087
idol_producer_031,叶泓希,XTIME,1,0.01087
idol_producer_031,叶泓希,x-time张昕,1,0.01087
idol_producer_031,叶泓希,偶像练习生！ http://t.cn/RmUIQB4// @X-TIME叶泓希 :我是,1,0.01087
idol_producer_031,叶泓希,凌崎,1,0.01087
idol_producer_031,叶泓希,哔哩哔哩,1,0.01087
idol_producer_031,叶泓希,张奕轩,1,0.01087
idol_producer_031,叶泓希,杨非同,1,0.01087
idol_producer_031,叶泓希,爱奇艺偶像练习生,1,0.01087
idol_producer_032,吕晨瑜,偶像练习生,42,0.415842
idol_producer_032,吕晨瑜,麦锐练习生,12,0.118812
idol_producer_032,吕晨瑜,偶像练习生吕晨瑜,8,0.079208
idol_producer_032,吕晨瑜,吕晨瑜,7,0.069307
idol_producer_032,吕晨瑜,范丞丞,4,0.039604
idol_producer_032,吕晨瑜,偶像练习生范丞丞,2,0.019802
idol_producer_032,吕晨瑜,偶像练习生邓烺怡,2,0.019802
idol_producer_032,吕晨瑜,蔡徐坤,2,0.019802
idol_producer_032,吕晨瑜,Can't Stop (A组现场版),1,0.009901
idol_producer_032,吕晨瑜,乐华中国line,1,0.009901
idol_producer_032,吕晨瑜,余明君,1,0.009901
idol_producer_032,吕晨瑜,偶像练习生余明君,1,0.009901
idol_producer_032,吕晨瑜,偶像练习生凌崎,1,0.009901
idol_producer_032,吕晨瑜,偶像练习生孙凡杰,1,0.009901
idol_producer_032,吕晨瑜,偶像练习生排名,1,0.009901
idol_producer_032,吕晨瑜,偶像练习生朱匀一,1,0.009901
idol_producer_032,吕晨瑜,偶像练习生朱匀天,1,0.009901
idol_producer_032,吕晨瑜,偶像练习生蔡徐坤,1,0.009901
idol_producer_032,吕晨瑜,偶像练习生陈立农,1,0.009901
idol_producer_032,吕晨瑜,北音学子,1,0.009901
idol_producer_032,吕晨瑜,卜凡,1,0.009901
idol_producer_032,吕晨瑜,尤长靖,1,0.009901
idol_producer_032,吕晨瑜,朱正廷,1,0.009901
idol_producer_032,吕晨瑜,李权哲,1,0.009901
idol_producer_032,吕晨瑜,爱奇艺偶像练习生,1,0.009901
idol_producer_032,吕晨瑜,聚众吃瓜,1,0.009901
idol_producer_032,吕晨瑜,许凯皓偶像练习生,1,0.009901
idol_producer_032,吕晨瑜,郑锐彬,1,0.009901
idol_producer_032,吕晨瑜,麦锐娱乐,1,0.009901
idol_producer_032,吕晨瑜,黄明昊,1,0.009901
idol_producer_033,周彦辰,偶像练习生,54,0.442623
idol_producer_033,周彦辰,周彦辰,27,0.221311
idol_producer_033,周彦辰,全能偶像周彦辰,25,0.204918
idol_producer_033,周彦辰,偶像练习生周彦辰,6,0.04918
idol_producer_033,周彦辰,Mr.BIO周彦辰,1,0.008197
idol_producer_033,周彦辰,偶像练习生韩沐伯,1,0.008197
idol_producer_033,周彦辰,卜凡,1,0.008197
idol_producer_033,周彦辰,周彦辰0305生日快乐,1,0.008197
idol_producer_033,周彦辰,坤音四子,1,0.008197
idol_producer_033,周彦辰,安利周彦辰,1,0.008197
idol_producer_033,周彦辰,张艺兴正能量爆棚,1,0.008197
idol_producer_033,周彦辰,我的青春有你_from追星族,1,0.008197
idol_producer_033,周彦辰,毕雯珺,1,0.008197
idol_producer_033,周彦辰,蔡徐坤第一,1,0.008197
idol_producer_034,周腾阳,偶像练习生,7,0.636364
idol_producer_034,周腾阳,周腾阳,2,0.181818
idol_producer_034,周腾阳,爱奇艺,2,0.181818
idol_producer_035,周锐,偶像练习生,50,0.364964
idol_producer_035,周锐,周锐,24,0.175182
idol_producer_035,周锐,偶像练习生周锐,9,0.065693
idol_producer_035,周锐,周锐艺术品,7,0.051095
idol_producer_035,周锐,周锐zee,6,0.043796
idol_producer_035,周锐,周锐淘汰,5,0.036496
idol_producer_035,周锐,周锐主持,3,0.021898
idol_producer_035,周锐,周锐发型,3,0.021898
idol_producer_035,周锐,偶像有新番,2,0.014599
idol_producer_035,周锐,周锐 主持,2,0.014599
idol_producer_035,周锐,毕雯珺,2,0.014599
idol_producer_035,周锐,justin黄明昊,1,0.007299
idol_producer_035,周锐,ninepercent,1,0.007299
idol_producer_035,周锐,不荣艺组合,1,0.007299
idol_producer_035,周锐,乐华七子,1,0.007299
idol_producer_035,周锐,偶像练习生蔡徐坤,1,0.007299
idol_producer_035,周锐,偶像练习生黄书豪,1,0.007299
idol_producer_035,周锐,卜凡,1,0.007299
idol_producer_035,周锐,娄滋博boi,1,0.007299
idol_producer_035,周锐,小鬼,1,0.007299
idol_producer_035,周锐,小鬼王琳凯,1,0.007299
idol_producer_035,周锐,尤长靖,1,0.007299
idol_producer_035,周锐,张艺兴,1,0.007299
idol_producer_035,周锐,朱星杰,1,0.007299
idol_producer_035,周锐,朱正廷,1,0.007299
idol_producer_035,周锐,林彦俊,1,0.007299
idol_producer_035,周锐,林超泽,1,0.007299
idol_producer_035,周锐,王子异,1,0.007299
idol_producer_035,周锐,秦子墨,1,0.007299
idol_producer_035,周锐,范丞丞,1,0.007299
idol_producer_035,周锐,蔡徐坤,1,0.007299
idol_producer_035,周锐,郑锐彬,1,0.007299
idol_producer_035,周锐,陆定昊,1,0.007299
idol_producer_035,周锐,陈名豪,1,0.007299
idol_producer_035,周锐,黄新淳,1,0.007299
idol_producer_036,姜京佐,偶像练习生,22,0.366667
idol_producer_036,姜京佐,姜京佐,11,0.183333
idol_producer_036,姜京佐,李若天,5,0.083333
idol_producer_036,姜京佐,高茂桐,4,0.066667
idol_producer_036,姜京佐,偶像练习生姜京佐,3,0.05
idol_producer_036,姜京佐,尤长靖,2,0.033333
idol_producer_036,姜京佐,王思聪,2,0.033333
idol_producer_036,姜京佐,邱治谐,2,0.033333
idol_producer_036,姜京佐,bilibili,1,0.016667
idol_producer_036,姜京佐,trainee18-姜京佐,1,0.016667
idol_producer_036,姜京佐,偶像有新番,1,0.016667
idol_producer_036,姜京佐,偶像练习生罗杰,1,0.016667
idol_producer_036,姜京佐,创造101,1,0.016667
idol_producer_036,姜京佐,林彦俊,1,0.016667
idol_producer_036,姜京佐,林超泽,1,0.016667
idol_producer_036,姜京佐,贝汯璘,1,0.016667
idol_producer_036,姜京佐,陆定昊,1,0.016667
idol_producer_038,姜达赫,黄新淳,12,0.24
idol_producer_038,姜达赫,偶像练习生,11,0.22
idol_producer_038,姜达赫,姜达赫 黄新淳,6,0.12
idol_producer_038,姜达赫,偶像练习生黄新淳,5,0.1
idol_producer_038,姜达赫,姜达赫,3,0.06
idol_producer_038,姜达赫,jeffrey,1,0.02
idol_producer_038,姜达赫,justin黄明昊,1,0.02
idol_producer_038,姜达赫,乐华七子,1,0.02
idol_producer_038,姜达赫,姜达赫 退赛,1,0.02
idol_producer_038,姜达赫,娄滋博淘汰,1,0.02
idol_producer_038,姜达赫,岳岳淘汰,1,0.02
idol_producer_038,姜达赫,木子洋,1,0.02
idol_producer_038,姜达赫,朱正廷,1,0.02
idol_producer_038,姜达赫,王子异,1,0.02
idol_producer_038,姜达赫,范丞丞,1,0.02
idol_producer_038,姜达赫,蔡徐坤,1,0.02
idol_producer_038,姜达赫,陆定昊 机场,1,0.02
idol_producer_038,姜达赫,韩沐伯出厂,1,0.02
idol_producer_039,娄滋博,偶像练习生,48,0.484848
idol_producer_039,娄滋博,娄滋博,13,0.131313
idol_producer_039,娄滋博,娄滋博偶像练习生,6,0.060606
idol_producer_039,娄滋博,娄滋博boi,5,0.050505
idol_producer_039,娄滋博,你们的boi娄滋博,2,0.020202
idol_producer_039,娄滋博,张艺兴,2,0.020202
idol_producer_039,娄滋博,王子异,2,0.020202
idol_producer_039,娄滋博,蔡徐坤,2,0.020202
idol_producer_039,娄滋博,cnk男团,1,0.010101
idol_producer_039,娄滋博,justin黄明昊,1,0.010101
idol_producer_039,娄滋博,丁泽仁,1,0.010101
idol_producer_039,娄滋博,乐华七子,1,0.010101
idol_producer_039,娄滋博,亚洲新歌榜,1,0.010101
idol_producer_039,娄滋博,亮点,1,0.010101
idol_producer_039,娄滋博,偶像有新番,1,0.010101
idol_producer_039,娄滋博,偶像练习生娄滋博,1,0.010101
idol_producer_039,娄滋博,偶像练习生蔡徐坤,1,0.010101
idol_producer_039,娄滋博,卜凡,1,0.010101
idol_producer_039,娄滋博,周锐,1,0.010101
idol_producer_039,娄滋博,哔哩哔哩,1,0.010101
idol_producer_039,娄滋博,娱乐八卦热搜榜,1,0.010101
idol_producer_039,娄滋博,排名,1,0.010101
idol_producer_039,娄滋博,毕雯珺,1,0.010101
idol_producer_039,娄滋博,董岩磊,1,0.010101
idol_producer_039,娄滋博,郑锐彬,1,0.010101
idol_producer_039,娄滋博,陆定昊,1,0.010101
idol_producer_039,娄滋博,黄新淳,1,0.010101
idol_producer_040,孙凡杰,偶像练习生,42,0.626866
idol_producer_040,孙凡杰,麦锐练习生,10,0.149254
idol_producer_040,孙凡杰,偶像练习生孙凡杰,2,0.029851
idol_producer_040,孙凡杰,偶像练习生余明君,1,0.014925
idol_producer_040,孙凡杰,偶像练习生凌崎,1,0.014925
idol_producer_040,孙凡杰,偶像练习生吕晨瑜,1,0.014925
idol_producer_040,孙凡杰,偶像练习生朱匀一,1,0.014925
idol_producer_040,孙凡杰,偶像练习生朱匀天,1,0.014925
idol_producer_040,孙凡杰,偶像练习生蔡徐坤,1,0.014925
idol_producer_040,孙凡杰,偶像练习生邓烺怡,1,0.014925
idol_producer_040,孙凡杰,偶像练习生陈立农,1,0.014925
idol_producer_040,孙凡杰,孙凡杰,1,0.014925
idol_producer_040,孙凡杰,杨非同,1,0.014925
idol_producer_040,孙凡杰,杨非同未来我们一路同行,1,0.014925
idol_producer_040,孙凡杰,蔡徐坤,1,0.014925
idol_producer_040,孙凡杰,许凯皓偶像练习生,1,0.014925
idol_producer_041,孙浩然,偶像练习生,45,0.625
idol_producer_041,孙浩然,BBT,6,0.083333
idol_producer_041,孙浩然,bbt,4,0.055556
idol_producer_041,孙浩然,王子异,4,0.055556
idol_producer_041,孙浩然,bbt孙浩然,2,0.027778
idol_producer_041,孙浩然,偶像练习生陈立农,2,0.027778
idol_producer_041,孙浩然,陈立农,2,0.027778
idol_producer_041,孙浩然,偶像练习生榜上pick了,1,0.013889
idol_producer_041,孙浩然,偶像练习生王子异,1,0.013889
idol_producer_041,孙浩然,夜间小剧场,1,0.013889
idol_producer_041,孙浩然,孙浩然,1,0.013889
idol_producer_041,孙浩然,李志杰,1,0.013889
idol_producer_041,孙浩然,林浩楷,1,0.013889
idol_producer_041,孙浩然,流行音乐全金榜,1,0.013889
idol_producer_042,宋睡觉,偶像练习生,1,0.333333
idol_producer_042,宋睡觉,偶像练习生朱正廷,1,0.333333
idol_producer_042,宋睡觉,朱正廷,1,0.333333
idol_producer_043,岳岳,偶像练习生,51,0.525773
idol_producer_043,岳岳,岳岳pinkray,9,0.092784
idol_producer_043,岳岳,木子洋,8,0.082474
idol_producer_043,岳岳,卜凡,6,0.061856
idol_producer_043,岳岳,灵超,5,0.051546
idol_producer_043,岳岳,BC221,4,0.041237
idol_producer_043,岳岳,坤音四子,4,0.041237
idol_producer_043,岳岳,坤音女孩绝不认输,4,0.041237
idol_producer_043,岳岳,bc221,1,0.010309
idol_producer_043,岳岳,偶像练习生岳岳,1,0.010309
idol_producer_043,岳岳,坤音娱乐,1,0.010309
idol_producer_043,岳岳,岳岳,1,0.010309
idol_producer_043,岳岳,岳读岳优秀,1,0.010309
idol_producer_043,岳岳,张艺兴正能量爆棚,1,0.010309
idol_producer_044,左叶,偶像练习生,59,0.479675
idol_producer_044,左叶,左叶,34,0.276423
idol_producer_044,左叶,偶像练习生左叶,9,0.073171
idol_producer_044,左叶,蔡徐坤,5,0.04065
idol_producer_044,左叶,秦子墨,4,0.03252
idol_producer_044,左叶,女孩 (Cover 韦礼安),2,0.01626
idol_producer_044,左叶,秦奋roi,2,0.01626
idol_producer_044,左叶,秦子墨0413生日快乐,2,0.01626
idol_producer_044,左叶,靖佩瑶,2,0.01626
idol_producer_044,左叶,韩沐伯,2,0.01626
idol_producer_044,左叶,偶像练习生蔡徐坤,1,0.00813
idol_producer_044,左叶,向全世界安利蔡徐坤,1,0.00813
idol_producer_045,应智越,偶像练习生,59,0.440299
idol_producer_045,应智越,catchers男团,21,0.156716
idol_producer_045,应智越,应智越,21,0.156716
idol_producer_045,应智越,catchers应智越,17,0.126866
idol_producer_045,应智越,catchers朱匀一,6,0.044776
idol_producer_045,应智越,catchers朱匀天,6,0.044776
idol_producer_045,应智越,catchers万宇贤,1,0.007463
idol_producer_045,应智越,catchers赵俞澈,1,0.007463
idol_producer_045,应智越,全民星访问,1,0.007463
idol_producer_045,应智越,赵俞澈,1,0.007463
idol_producer_046,张奕轩,偶像练习生,39,0.375
idol_producer_046,张奕轩,张奕轩,25,0.240385
idol_producer_046,张奕轩,张奕轩偶像练习生,8,0.076923
idol_producer_046,张奕轩,X-TIME时空手帐,4,0.038462
idol_producer_046,张奕轩,偶像练习生张奕轩,4,0.038462
idol_producer_046,张奕轩,X-TIME,3,0.028846
idol_producer_046,张奕轩,凌崎偶像练习生,3,0.028846
idol_producer_046,张奕轩,早安,3,0.028846
idol_producer_046,张奕轩,Day0408,1,0.009615
idol_producer_046,张奕轩,Day0409,1,0.009615
idol_producer_046,张奕轩,Day0437,1,0.009615
idol_producer_046,张奕轩,Day0458,1,0.009615
idol_producer_046,张奕轩,X-FILE,1,0.009615
idol_producer_046,张奕轩,XTIME,1,0.009615
idol_producer_046,张奕轩,justin黄明昊,1,0.009615
idol_producer_046,张奕轩,偶像练习生胡致邦,1,0.009615
idol_producer_046,张奕轩,偶像练习生钱正昊,1,0.009615
idol_producer_046,张奕轩,叶泓希偶像练习生,1,0.009615
idol_producer_046,张奕轩,周彦辰,1,0.009615
idol_producer_046,张奕轩,张昕偶像练习生,1,0.009615
idol_producer_046,张奕轩,快乐大本营,1,0.009615
idol_producer_046,张奕轩,朱正廷,1,0.009615
idol_producer_046,张奕轩,范丞丞,1,0.009615
idol_producer_047,张宇晨,偶像练习生,7,0.538462
idol_producer_047,张宇晨,杨非同,2,0.153846
idol_producer_047,张宇晨,iqiyi,1,0.076923
idol_producer_047,张宇晨,哔哩哔哩,1,0.076923
idol_producer_047,张宇晨,哔哩哔哩动画,1,0.076923
idol_producer_047,张宇晨,爱奇艺偶像练习生,1,0.076923
idol_producer_048,张昕,偶像练习生,23,0.302632
idol_producer_048,张昕,X-TIME,7,0.092105
idol_producer_048,张昕,X-TIME时空手帐,6,0.078947
idol_producer_048,张昕,XTIME张昕,5,0.065789
idol_producer_048,张昕,凌崎偶像练习生,5,0.065789
idol_producer_048,张昕,张奕轩偶像练习生,5,0.065789
idol_producer_048,张昕,张昕偶像练习生,5,0.065789
idol_producer_048,张昕,叶泓希偶像练习生,4,0.052632
idol_producer_048,张昕,x-time张昕,3,0.039474
idol_producer_048,张昕,Day0417,2,0.026316
idol_producer_048,张昕,Day0409,1,0.013158
idol_producer_048,张昕,Day0424,1,0.013158
idol_producer_048,张昕,Day0445,1,0.013158
idol_producer_048,张昕,Day0458,1,0.013158
idol_producer_048,张昕,X-FILE,1,0.013158
idol_producer_048,张昕,XTIME,1,0.013158
idol_producer_048,张昕,xtime张昕,1,0.013158
idol_producer_048,张昕,凌崎,1,0.013158
idol_producer_048,张昕,叶泓希,1,0.013158
idol_producer_048,张昕,张奕轩,1,0.013158
idol_producer_048,张昕,张昕,1,0.013158
idol_producer_049,张晏恺,偶像练习生,35,0.76087
idol_producer_049,张晏恺,张晏恺,6,0.130435
idol_producer_049,张晏恺,偶像有新番,2,0.043478
idol_producer_049,张晏恺,偶像练习生张艺兴,1,0.021739
idol_producer_049,张晏恺,全能偶像周彦辰,1,0.021739
idol_producer_049,张晏恺,周彦辰,1,0.021739
idol_producer_050,张津铭,偶像练习生,1,1.0
idol_producer_051,张艺凡,偶像练习生,11,0.5
idol_producer_051,张艺凡,张艺凡,3,0.136364
idol_producer_051,张艺凡,张艺凡yif,3,0.136364
idol_producer_051,张艺凡,朱正廷,2,0.090909
idol_producer_051,张艺凡,bilibili,1,0.045455
idol_producer_051,张艺凡,偶像练习生张艺凡,1,0.045455
idol_producer_051,张艺凡,艺路凡华,1,0.045455
idol_producer_052,张达源,偶像练习生,61,0.580952
idol_producer_052,张达源,张达源,23,0.219048
idol_producer_052,张达源,盛夏星空,5,0.047619
idol_producer_052,张达源,偶像练习生张达源,4,0.038095
idol_producer_052,张达源,zoom超能团,3,0.028571
idol_producer_052,张达源,偶像练习生王艺龙,1,0.009524
idol_producer_052,张达源,北京,1,0.009524
idol_producer_052,张达源,新偶像文化,1,0.009524
idol_producer_052,张达源,杨非同,1,0.009524
idol_producer_052,张达源,爱奇艺偶像练习生,1,0.009524
idol_producer_052,张达源,王梓豪,1,0.009524
idol_producer_052,张达源,王艺龙,1,0.009524
idol_producer_052,张达源,能量应援,1,0.009524
idol_producer_052,张达源,陈名豪,1,0.009524
idol_producer_053,徐鹤尼,偶像练习生,95,0.625
idol_producer_053,徐鹤尼,徐鹤尼,36,0.236842
idol_producer_053,徐鹤尼,偶像练习生徐鹤尼,3,0.019737
idol_producer_053,徐鹤尼,陈斯琪,3,0.019737
idol_producer_053,徐鹤尼,徐鹤尼势不可挡,2,0.013158
idol_producer_053,徐鹤尼,李向哲,2,0.013158
idol_producer_053,徐鹤尼,jeffrey,1,0.006579
idol_producer_053,徐鹤尼,丁泽仁,1,0.006579
idol_producer_053,徐鹤尼,偶像有新番,1,0.006579
idol_producer_053,徐鹤尼,哔哩哔哩,1,0.006579
idol_producer_053,徐鹤尼,唐禹哲,1,0.006579
idol_producer_053,徐鹤尼,天才学渣,1,0.006579
idol_producer_053,徐鹤尼,尤长靖,1,0.006579
idol_producer_053,徐鹤尼,杨非同,1,0.006579
idol_producer_053,徐鹤尼,爱奇艺偶像练习生,1,0.006579
idol_producer_053,徐鹤尼,盛势网络剧,1,0.006579
idol_producer_053,徐鹤尼,蔡徐坤,1,0.006579
idol_producer_054,明鹏,偶像练习生,26,0.464286
idol_producer_054,明鹏,明鹏,11,0.196429
idol_producer_054,明鹏,东方风云榜为李荣浩打call,1,0.017857
idol_producer_054,明鹏,偶像练习生VIP千人见面会,1,0.017857
idol_producer_054,明鹏,偶言偶语,1,0.017857
idol_producer_054,明鹏,卜凡,1,0.017857
idol_producer_054,明鹏,岳岳,1,0.017857
idol_producer_054,明鹏,张达源,1,0.017857
idol_producer_054,明鹏,早班机发福利,1,0.017857
idol_producer_054,明鹏,木子洋,1,0.017857
idol_producer_054,明鹏,朱星杰,1,0.017857
idol_producer_054,明鹏,李荣浩偶像练习生,1,0.017857
idol_producer_054,明鹏,杨非同,1,0.017857
idol_producer_054,明鹏,林彦俊,1,0.017857
idol_producer_054,明鹏,灵超,1,0.017857
idol_producer_054,明鹏,范丞丞,1,0.017857
idol_producer_054,明鹏,蔡徐坤,1,0.017857
idol_producer_054,明鹏,钱正昊,1,0.017857
idol_producer_054,明鹏,陆定昊,1,0.017857
idol_producer_054,明鹏,陈立农,1,0.017857
idol_producer_054,明鹏,黄新淳,1,0.017857
idol_producer_055,木子洋,偶像练习生,52,0.525253
idol_producer_055,木子洋,木子洋,28,0.282828
idol_producer_055,木子洋,卜凡,4,0.040404
idol_producer_055,木子洋,坤音女孩绝不认输,3,0.030303
idol_producer_055,木子洋,岳岳pinkray,3,0.030303
idol_producer_055,木子洋,灵超,3,0.030303
idol_producer_055,木子洋,BC221,2,0.020202
idol_producer_055,木子洋,坤音四子,2,0.020202
idol_producer_055,木子洋,坤音娱乐,1,0.010101
idol_producer_055,木子洋,跟爱豆一起，让爱放大,1,0.010101
idol_producer_056,朱一文,偶像练习生,8,0.296296
idol_producer_056,朱一文,朱一文,7,0.259259
idol_producer_056,朱一文,偶像练习生朱一文,4,0.148148
idol_producer_056,朱一文,杨非同,2,0.074074
idol_producer_056,朱一文,偶像练习生于斌,1,0.037037
idol_producer_056,朱一文,哔哩哔哩,1,0.037037
idol_producer_056,朱一文,哔哩哔哩动画,1,0.037037
idol_producer_056,朱一文,客家擂茶,1,0.037037
idol_producer_056,朱一文,爱奇艺偶像练习生,1,0.037037
idol_producer_056,朱一文,这一刻的小时光,1,0.037037
idol_producer_057,朱匀一,偶像练习生,47,0.367188
idol_producer_057,朱匀一,catchers朱匀一,14,0.109375
idol_producer_057,朱匀一,catchers朱匀天,11,0.085938
idol_producer_057,朱匀一,catchers男团,5,0.039062
idol_producer_057,朱匀一,朱匀一,4,0.03125
idol_producer_057,朱匀一,catchers应智越,2,0.015625
idol_producer_057,朱匀一,全民星访问,2,0.015625
idol_producer_057,朱匀一,应智越,2,0.015625
idol_producer_057,朱匀一,我的青春有你_from追星族,2,0.015625
idol_producer_057,朱匀一,Justin,1,0.007812
idol_producer_057,朱匀一,Owhat专访,1,0.007812
idol_producer_057,朱匀一,catchers万宇贤,1,0.007812
idol_producer_057,朱匀一,catchers赵俞澈,1,0.007812
idol_producer_057,朱匀一,丁泽仁,1,0.007812
idol_producer_057,朱匀一,偶像练习生排名,1,0.007812
idol_producer_057,朱匀一,偶言偶语,1,0.007812
idol_producer_057,朱匀一,北音学子,1,0.007812
idol_producer_057,朱匀一,卜凡,1,0.007812
idol_producer_057,朱匀一,周彦辰,1,0.007812
idol_producer_057,朱匀一,周锐,1,0.007812
idol_producer_057,朱匀一,娄滋博,1,0.007812
idol_producer_057,朱匀一,小鬼王琳凯,1,0.007812
idol_producer_057,朱匀一,岳岳Pinkray,1,0.007812
idol_producer_057,朱匀一,徐圣恩,1,0.007812
idol_producer_057,朱匀一,木子洋,1,0.007812
idol_producer_057,朱匀一,朱匀天,1,0.007812
idol_producer_057,朱匀一,朱星杰,1,0.007812
idol_producer_057,朱匀一,朱正廷,1,0.007812
idol_producer_057,朱匀一,李希侃,1,0.007812
idol_producer_057,朱匀一,李权哲,1,0.007812
idol_producer_057,朱匀一,杨非同,1,0.007812
idol_producer_057,朱匀一,林彦俊,1,0.007812
idol_producer_057,朱匀一,毕雯珺,1,0.007812
idol_producer_057,朱匀一,灵超,1,0.007812
idol_producer_057,朱匀一,王子异,1,0.007812
idol_producer_057,朱匀一,秦奋,1,0.007812
idol_producer_057,朱匀一,秦子墨,1,0.007812
idol_producer_057,朱匀一,罗正,1,0.007812
idol_producer_057,朱匀一,范丞丞,1,0.007812
idol_producer_057,朱匀一,董岩磊,1,0.007812
idol_producer_057,朱匀一,蔡徐坤,1,0.007812
idol_producer_057,朱匀一,越努力越幸运,1,0.007812
idol_producer_057,朱匀一,郑锐彬,1,0.007812
idol_producer_057,朱匀一,钱正昊,1,0.007812
idol_producer_057,朱匀一,陆定昊,1,0.007812
idol_producer_057,朱匀一,靖佩瑶,1,0.007812
idol_producer_057,朱匀一,韩沐伯,1,0.007812
idol_producer_057,朱匀一,黄新淳,1,0.007812
idol_producer_058,朱匀天,偶像练习生,43,0.307143
idol_producer_058,朱匀天,catchers朱匀天,8,0.057143
idol_producer_058,朱匀天,catchers朱匀一,7,0.05
idol_producer_058,朱匀天,朱匀一,6,0.042857
idol_producer_058,朱匀天,朱匀天,4,0.028571
idol_producer_058,朱匀天,catchers男团,3,0.021429
idol_producer_058,朱匀天,郑锐彬,3,0.021429
idol_producer_058,朱匀天,catchers应智越,2,0.014286
idol_producer_058,朱匀天,全能主唱郑锐彬,2,0.014286
idol_producer_058,朱匀天,北音学子,2,0.014286
idol_producer_058,朱匀天,双胞胎,2,0.014286
idol_producer_058,朱匀天,听听我说的吧 (Live),2,0.014286
idol_producer_058,朱匀天,应智越,2,0.014286
idol_producer_058,朱匀天,毕雯珺,2,0.014286
idol_producer_058,朱匀天,灵超,2,0.014286
idol_producer_058,朱匀天,罗正,2,0.014286
idol_producer_058,朱匀天,董岩磊,2,0.014286
idol_producer_058,朱匀天,蔡徐坤,2,0.014286
idol_producer_058,朱匀天,Justin,1,0.007143
idol_producer_058,朱匀天,catchers万宇贤,1,0.007143
idol_producer_058,朱匀天,catchers赵俞澈,1,0.007143
idol_producer_058,朱匀天,popping,1,0.007143
idol_producer_058,朱匀天,supremenewyork,1,0.007143
idol_producer_058,朱匀天,丁泽仁,1,0.007143
idol_producer_058,朱匀天,余明君,1,0.007143
idol_producer_058,朱匀天,偶像练习生姜京佐,1,0.007143
idol_producer_058,朱匀天,偶像练习生排名,1,0.007143
idol_producer_058,朱匀天,偶像练习生李长庚,1,0.007143
idol_producer_058,朱匀天,偶像练习生王艺龙,1,0.007143
idol_producer_058,朱匀天,像练习生,1,0.007143
idol_producer_058,朱匀天,北京现代音乐学院,1,0.007143
idol_producer_058,朱匀天,北音新闻,1,0.007143
idol_producer_058,朱匀天,卜凡,1,0.007143
idol_producer_058,朱匀天,周彦辰,1,0.007143
idol_producer_058,朱匀天,周锐,1,0.007143
idol_producer_058,朱匀天,哔哩哔哩动画,1,0.007143
idol_producer_058,朱匀天,坤音四子,1,0.007143
idol_producer_058,朱匀天,娄滋博,1,0.007143
idol_producer_058,朱匀天,小鬼王琳凯,1,0.007143
idol_producer_058,朱匀天,岳岳Pinkray,1,0.007143
idol_producer_058,朱匀天,左叶,1,0.007143
idol_producer_058,朱匀天,徐圣恩,1,0.007143
idol_producer_058,朱匀天,木子洋,1,0.007143
idol_producer_058,朱匀天,朱星杰,1,0.007143
idol_producer_058,朱匀天,朱正廷,1,0.007143
idol_producer_058,朱匀天,李希侃,1,0.007143
idol_producer_058,朱匀天,李权哲,1,0.007143
idol_producer_058,朱匀天,杨非同,1,0.007143
idol_producer_058,朱匀天,林彦俊,1,0.007143
idol_producer_058,朱匀天,王子异,1,0.007143
idol_producer_058,朱匀天,王艺龙,1,0.007143
idol_producer_058,朱匀天,现代歌舞系,1,0.007143
idol_producer_058,朱匀天,秦奋,1,0.007143
idol_producer_058,朱匀天,秦子墨,1,0.007143
idol_producer_058,朱匀天,编舞,1,0.007143
idol_producer_058,朱匀天,范丞丞,1,0.007143
idol_producer_058,朱匀天,觉醒东方,1,0.007143
idol_producer_058,朱匀天,钱正昊,1,0.007143
idol_producer_058,朱匀天,陆定昊,1,0.007143
idol_producer_058,朱匀天,靖佩瑶,1,0.007143
idol_producer_058,朱匀天,韩沐伯,1,0.007143
idol_producer_058,朱匀天,黄新淳,1,0.007143
idol_producer_059,李俊毅,偶像练习生,57,0.548077
idol_producer_059,李俊毅,李俊毅,26,0.25
idol_producer_059,李俊毅,胡致邦,13,0.125
idol_producer_059,李俊毅,李俊毅0222生日快乐,2,0.019231
idol_producer_059,李俊毅,主唱大人尤长靖,1,0.009615
idol_producer_059,李俊毅,偶像有新番,1,0.009615
idol_producer_059,李俊毅,偶像练习生胡致邦,1,0.009615
idol_producer_059,李俊毅,偶言偶语,1,0.009615
idol_producer_059,李俊毅,向全世界安利李俊毅,1,0.009615
idol_producer_059,李俊毅,实力派李俊毅,1,0.009615
idol_producer_060,李志杰,偶像练习生,7,0.636364
idol_producer_060,李志杰,BBT,1,0.090909
idol_producer_060,李志杰,bbt,1,0.090909
idol_producer_060,李志杰,流行音乐全金榜,1,0.090909
idol_producer_060,李志杰,王子异,1,0.090909
idol_producer_061,李权哲,偶像练习生,47,0.233831
idol_producer_061,李权哲,李权哲,36,0.179104
idol_producer_061,李权哲,偶像练习生李权哲,15,0.074627
idol_producer_061,李权哲,朱正廷,12,0.059701
idol_producer_061,李权哲,丁泽仁,11,0.054726
idol_producer_061,李权哲,毕雯珺,11,0.054726
idol_producer_061,李权哲,黄新淳,11,0.054726
idol_producer_061,李权哲,范丞丞,10,0.049751
idol_producer_061,李权哲,黄明昊,10,0.049751
idol_producer_061,李权哲,乐华练习生,7,0.034826
idol_producer_061,李权哲,justin黄明昊,3,0.014925
idol_producer_061,李权哲,乐华七子,3,0.014925
idol_producer_061,李权哲,乐华line,2,0.00995
idol_producer_061,李权哲,蔡徐坤,2,0.00995
idol_producer_061,李权哲,Firewalking (Live),1,0.004975
idol_producer_061,李权哲,Justin,1,0.004975
idol_producer_061,李权哲,idolproducer,1,0.004975
idol_producer_061,李权哲,jeffery,1,0.004975
idol_producer_061,李权哲,一句话证明你看过偶像练习生,1,0.004975
idol_producer_061,李权哲,乐华,1,0.004975
idol_producer_061,李权哲,乐华7子,1,0.004975
idol_producer_061,李权哲,亚洲新歌榜,1,0.004975
idol_producer_061,李权哲,偶像练习生毕雯珺,1,0.004975
idol_producer_061,李权哲,偶像练习生范丞丞,1,0.004975
idol_producer_061,李权哲,周彦辰,1,0.004975
idol_producer_061,李权哲,哔哩哔哩,1,0.004975
idol_producer_061,李权哲,尤长靖,1,0.004975
idol_producer_061,李权哲,我怀念的 (Live) (原唱：孙燕姿),1,0.004975
idol_producer_061,李权哲,木子洋,1,0.004975
idol_producer_061,李权哲,李权哲彩色奇迹,1,0.004975
idol_producer_061,李权哲,爱奇艺,1,0.004975
idol_producer_061,李权哲,秦奋,1,0.004975
idol_producer_061,李权哲,胡致邦,1,0.004975
idol_producer_061,李权哲,陈立农,1,0.004975
idol_producer_061,李权哲,韩沐伯,1,0.004975
idol_producer_062,李若天,偶像练习生,41,0.344538
idol_producer_062,李若天,李若天,22,0.184874
idol_producer_062,李若天,姜京佐,8,0.067227
idol_producer_062,李若天,高茂桐,7,0.058824
idol_producer_062,李若天,偶像练习生李若天,6,0.05042
idol_producer_062,李若天,尤长靖,6,0.05042
idol_producer_062,李若天,邱治谐,4,0.033613
idol_producer_062,李若天,林彦俊,3,0.02521
idol_producer_062,李若天,林超泽,3,0.02521
idol_producer_062,李若天,贝汯璘,3,0.02521
idol_producer_062,李若天,陆定昊,3,0.02521
idol_producer_062,李若天,王思聪,2,0.016807
idol_producer_062,李若天,香蕉娱乐TRAINEE18,2,0.016807
idol_producer_062,李若天,Ei Ei,1,0.008403
idol_producer_062,李若天,KilaKila,1,0.008403
idol_producer_062,李若天,ei ei,1,0.008403
idol_producer_062,李若天,eiei,1,0.008403
idol_producer_062,李若天,偶言偶语,1,0.008403
idol_producer_062,李若天,创造101,1,0.008403
idol_producer_062,李若天,哔哩哔哩,1,0.008403
idol_producer_062,李若天,空降直播间,1,0.008403
idol_producer_062,李若天,董岩磊,1,0.008403
idol_producer_063,李让,偶像练习生,54,0.701299
idol_producer_063,李让,偶像练习生李让,7,0.090909
idol_producer_063,李让,蔡徐坤,6,0.077922
idol_producer_063,李让,李让,5,0.064935
idol_producer_063,李让,佛系李让,1,0.012987
idol_producer_063,李让,周锐,1,0.012987
idol_producer_063,李让,我的pick安利打卡,1,0.012987
idol_producer_063,李让,探探爆料,1,0.012987
idol_producer_063,李让,盐系练习生pick一下,1,0.012987
idol_producer_064,李鑫岩,偶像练习生,8,0.5
idol_producer_064,李鑫岩,国内组合,5,0.3125
idol_producer_064,李鑫岩,偶像练习生MERXIC成员访谈,2,0.125
idol_producer_064,李鑫岩,偶像练习生MERXIC成员专访,1,0.0625
idol_producer_065,李长庚,偶像练习生,63,0.470149
idol_producer_065,李长庚,李长庚,38,0.283582
idol_producer_065,李长庚,李长庚0504生日快乐,21,0.156716
idol_producer_065,李长庚,偶像练习生李长庚,7,0.052239
idol_producer_065,李长庚,何东东,2,0.014925
idol_producer_065,李长庚,爱奇艺,2,0.014925
idol_producer_065,李长庚,啊哈咸鱼,1,0.007463
idol_producer_066,杨羿,偶像练习生,5,0.416667
idol_producer_066,杨羿,杨非同,2,0.166667
idol_producer_066,杨羿,iqiyi,1,0.083333
idol_producer_066,杨羿,哔哩哔哩,1,0.083333
idol_producer_066,杨羿,哔哩哔哩动画,1,0.083333
idol_producer_066,杨羿,杨羿,1,0.083333
idol_producer_066,杨羿,爱奇艺偶像练习生,1,0.083333
idol_producer_067,杨非同,偶像练习生,62,0.329787
idol_producer_067,杨非同,杨非同,57,0.303191
idol_producer_067,杨非同,偶像练习生杨非同,30,0.159574
idol_producer_067,杨非同,杨非同未来我们一路同行,16,0.085106
idol_producer_067,杨非同,王子异,3,0.015957
idol_producer_067,杨非同,杨非同快乐大本营,2,0.010638
idol_producer_067,杨非同,杨非同是谁,2,0.010638
idol_producer_067,杨非同,为你打call,1,0.005319
idol_producer_067,杨非同,偶像练习生周锐,1,0.005319
idol_producer_067,杨非同,偶像练习生陆定昊,1,0.005319
idol_producer_067,杨非同,北京,1,0.005319
idol_producer_067,杨非同,尤长靖,1,0.005319
idol_producer_067,杨非同,张艺兴,1,0.005319
idol_producer_067,杨非同,张达源,1,0.005319
idol_producer_067,杨非同,新偶像文化,1,0.005319
idol_producer_067,杨非同,晚安沈师,1,0.005319
idol_producer_067,杨非同,爱奇艺偶像练习生,1,0.005319
idol_producer_067,杨非同,王梓豪,1,0.005319
idol_producer_067,杨非同,王艺龙,1,0.005319
idol_producer_067,杨非同,蔡徐坤,1,0.005319
idol_producer_067,杨非同,蔡徐坤第一,1,0.005319
idol_producer_067,杨非同,陈名豪,1,0.005319
idol_producer_067,杨非同,黄新淳偶像练习生,1,0.005319
idol_producer_068,林浩楷,偶像练习生,34,0.53125
idol_producer_068,林浩楷,BBT,11,0.171875
idol_producer_068,林浩楷,bbt,4,0.0625
idol_producer_068,林浩楷,王子异,2,0.03125
idol_producer_068,林浩楷,陈立农,2,0.03125
idol_producer_068,林浩楷,偶像有新番,1,0.015625
idol_producer_068,林浩楷,哔哩哔哩,1,0.015625
idol_producer_068,林浩楷,夜间小剧场,1,0.015625
idol_producer_068,林浩楷,孙浩然,1,0.015625
idol_producer_068,林浩楷,新歌首发,1,0.015625
idol_producer_068,林浩楷,李志杰,1,0.015625
idol_producer_068,林浩楷,杨非同,1,0.015625
idol_producer_068,林浩楷,林浩楷,1,0.015625
idol_producer_068,林浩楷,流行音乐全金榜,1,0.015625
idol_producer_068,林浩楷,爱奇艺偶像练习生,1,0.015625
idol_producer_068,林浩楷,陪陈立农出道,1,0.015625
idol_producer_069,梁辉,偶像练习生,46,0.5
idol_producer_069,梁辉,梁辉,19,0.206522
idol_producer_069,梁辉,偶像练习生梁辉,17,0.184783
idol_producer_069,梁辉,偶言偶语,6,0.065217
idol_producer_069,梁辉,JUN文俊辉,1,0.01087
idol_producer_069,梁辉,偶像有新番,1,0.01087
idol_producer_069,梁辉,我的pick安利打卡,1,0.01087
idol_producer_069,梁辉,无限积极文俊辉,1,0.01087
idol_producer_070,武连杰,偶像练习生,40,0.588235
idol_producer_070,武连杰,武连杰,5,0.073529
idol_producer_070,武连杰,cnk男团,2,0.029412
idol_producer_070,武连杰,偶像练习生武连杰,2,0.029412
idol_producer_070,武连杰,我的pick安利打卡,2,0.029412
idol_producer_070,武连杰,SHEEP-张艺兴,1,0.014706
idol_producer_070,武连杰,偶像练习生排名,1,0.014706
idol_producer_070,武连杰,北音学子,1,0.014706
idol_producer_070,武连杰,娄滋博,1,0.014706
idol_producer_070,武连杰,娄滋博boi,1,0.014706
idol_producer_070,武连杰,张艺兴,1,0.014706
idol_producer_070,武连杰,张艺兴偶像练习生,1,0.014706
idol_producer_070,武连杰,星颜娱乐,1,0.014706
idol_producer_070,武连杰,朱正廷,1,0.014706
idol_producer_070,武连杰,李俊毅,1,0.014706
idol_producer_070,武连杰,李让,1,0.014706
idol_producer_070,武连杰,李长庚,1,0.014706
idol_producer_070,武连杰,覃俊毅,1,0.014706
idol_producer_070,武连杰,覃俊毅♠,1,0.014706
idol_producer_070,武连杰,超能唱片,1,0.014706
idol_producer_070,武连杰,陈斯琪,1,0.014706
idol_producer_070,武连杰,韩雍杰,1,0.014706
idol_producer_071,王宥辰,偶像练习生,10,0.384615
idol_producer_071,王宥辰,北音学子,3,0.115385
idol_producer_071,王宥辰,PPAP,2,0.076923
idol_producer_071,王宥辰,can't stop,2,0.076923
idol_producer_071,王宥辰,大艺术家,2,0.076923
idol_producer_071,王宥辰,辰星娱乐,2,0.076923
idol_producer_071,王宥辰,偶像练习生排名,1,0.038462
idol_producer_071,王宥辰,北音下午茶,1,0.038462
idol_producer_071,王宥辰,北音新闻,1,0.038462
idol_producer_071,王宥辰,哔哩哔哩动画,1,0.038462
idol_producer_071,王宥辰,小梅花情怀,1,0.038462
idol_producer_072,王梓豪,偶像练习生,35,0.564516
idol_producer_072,王梓豪,王梓豪,5,0.080645
idol_producer_072,王梓豪,偶像练习生王梓豪,4,0.064516
idol_producer_072,王梓豪,盛夏星空,3,0.048387
idol_producer_072,王梓豪,杨非同,2,0.032258
idol_producer_072,王梓豪,王艺龙,2,0.032258
idol_producer_072,王梓豪,JIWENBO,1,0.016129
idol_producer_072,王梓豪,中国国际时装周,1,0.016129
idol_producer_072,王梓豪,偶像练习生杨非同,1,0.016129
idol_producer_072,王梓豪,北京,1,0.016129
idol_producer_072,王梓豪,张达源,1,0.016129
idol_producer_072,王梓豪,新偶像文化,1,0.016129
idol_producer_072,王梓豪,爱奇艺偶像练习生,1,0.016129
idol_producer_072,王梓豪,王梓豪的日记,1,0.016129
idol_producer_072,王梓豪,超级星福利,1,0.016129
idol_producer_072,王梓豪,陈名豪,1,0.016129
idol_producer_072,王梓豪,马锐,1,0.016129
idol_producer_073,王艺龙,偶像练习生,61,0.448529
idol_producer_073,王艺龙,王艺龙,18,0.132353
idol_producer_073,王艺龙,偶像练习生王艺龙,16,0.117647
idol_producer_073,王艺龙,杨非同,5,0.036765
idol_producer_073,王艺龙,王艺龙enki,4,0.029412
idol_producer_073,王艺龙,王梓豪,2,0.014706
idol_producer_073,王艺龙,盛夏星空,2,0.014706
idol_producer_073,王艺龙,Flow (Live) (原唱：王力宏&方大同),1,0.007353
idol_producer_073,王艺龙,justin黄明昊,1,0.007353
idol_producer_073,王艺龙,丁泽仁,1,0.007353
idol_producer_073,王艺龙,人间仙子朱正廷,1,0.007353
idol_producer_073,王艺龙,余明君,1,0.007353
idol_producer_073,王艺龙,偶像练习生张奕轩,1,0.007353
idol_producer_073,王艺龙,偶像练习生张达源,1,0.007353
idol_producer_073,王艺龙,偶像练习生杨非同,1,0.007353
idol_producer_073,王艺龙,偶像练习生胡致邦,1,0.007353
idol_producer_073,王艺龙,偶像练习生钱正昊,1,0.007353
idol_producer_073,王艺龙,北京,1,0.007353
idol_producer_073,王艺龙,尤长靖,1,0.007353
idol_producer_073,王艺龙,张达源,1,0.007353
idol_producer_073,王艺龙,新偶像文化,1,0.007353
idol_producer_073,王艺龙,朱匀一,1,0.007353
idol_producer_073,王艺龙,朱匀天,1,0.007353
idol_producer_073,王艺龙,朱星杰,1,0.007353
idol_producer_073,王艺龙,朱正廷,1,0.007353
idol_producer_073,王艺龙,李权哲,1,0.007353
idol_producer_073,王艺龙,杨非同24小时紧急救援,1,0.007353
idol_producer_073,王艺龙,林彦俊偶像练习生,1,0.007353
idol_producer_073,王艺龙,爱奇艺偶像练习生,1,0.007353
idol_producer_073,王艺龙,爱福西西,1,0.007353
idol_producer_073,王艺龙,范丞丞,1,0.007353
idol_producer_073,王艺龙,董又霖,1,0.007353
idol_producer_073,王艺龙,贾富贵,1,0.007353
idol_producer_073,王艺龙,陈名豪,1,0.007353
idol_producer_073,王艺龙,陈立农,1,0.007353
idol_producer_074,甘俊,偶像练习生,4,0.235294
idol_producer_074,甘俊,catchers朱匀一,1,0.058824
idol_producer_074,甘俊,catchers朱匀天,1,0.058824
idol_producer_074,甘俊,catchers男团,1,0.058824
idol_producer_074,甘俊,哔哩哔哩动画,1,0.058824
idol_producer_074,甘俊,唱吧,1,0.058824
idol_producer_074,甘俊,岳阳帅哥,1,0.058824
idol_producer_074,甘俊,应智越,1,0.058824
idol_producer_074,甘俊,王子异,1,0.058824
idol_producer_074,甘俊,董又霖,1,0.058824
idol_producer_074,甘俊,郑锐彬,1,0.058824
idol_producer_074,甘俊,郑锐彬偶像练习生,1,0.058824
idol_producer_074,甘俊,陈立农,1,0.058824
idol_producer_074,甘俊,黄新淳,1,0.058824
idol_producer_075,秦子墨,偶像练习生,32,0.231884
idol_producer_075,秦子墨,秦子墨,28,0.202899
idol_producer_075,秦子墨,偶像练习生秦子墨,11,0.07971
idol_producer_075,秦子墨,左叶,10,0.072464
idol_producer_075,秦子墨,韩沐伯,10,0.072464
idol_producer_075,秦子墨,秦奋roi,8,0.057971
idol_producer_075,秦子墨,靖佩瑶,8,0.057971
idol_producer_075,秦子墨,秦子墨0413生日快乐,6,0.043478
idol_producer_075,秦子墨,偶像练习生蔡徐坤,2,0.014493
idol_producer_075,秦子墨,我的pick安利打卡,2,0.014493
idol_producer_075,秦子墨,蔡徐坤,2,0.014493
idol_producer_075,秦子墨,Owhat专访,1,0.007246
idol_producer_075,秦子墨,偶像练习生韩沐伯,1,0.007246
idol_producer_075,秦子墨,偶像练习生黄书豪,1,0.007246
idol_producer_075,秦子墨,卜凡,1,0.007246
idol_producer_075,秦子墨,周锐zee,1,0.007246
idol_producer_075,秦子墨,小鬼王琳凯,1,0.007246
idol_producer_075,秦子墨,朱星杰,1,0.007246
idol_producer_075,秦子墨,林超泽,1,0.007246
idol_producer_075,秦子墨,毕雯珺,1,0.007246
idol_producer_075,秦子墨,瑶墨,1,0.007246
idol_producer_075,秦子墨,综艺大咖秀,1,0.007246
idol_producer_075,秦子墨,范丞丞,1,0.007246
idol_producer_075,秦子墨,董岩磊,1,0.007246
idol_producer_075,秦子墨,蔡徐坤偶像练习生,1,0.007246
idol_producer_075,秦子墨,觉醒tv,1,0.007246
idol_producer_075,秦子墨,觉醒东方,1,0.007246
idol_producer_075,秦子墨,陆定昊,1,0.007246
idol_producer_075,秦子墨,陈名豪,1,0.007246
idol_producer_075,秦子墨,黄新淳,1,0.007246
idol_producer_076,罗仁麒,偶像练习生,27,0.210938
idol_producer_076,罗仁麒,Rapen偶像练习生,19,0.148438
idol_producer_076,罗仁麒,向全世界安利Rapen,19,0.148438
idol_producer_076,罗仁麒,罗仁麒Rapen,19,0.148438
idol_producer_076,罗仁麒,ETM_Academy,5,0.039062
idol_producer_076,罗仁麒,余明君,5,0.039062
idol_producer_076,罗仁麒,徐圣恩,5,0.039062
idol_producer_076,罗仁麒,李权哲,5,0.039062
idol_producer_076,罗仁麒,罗仁麒,5,0.039062
idol_producer_076,罗仁麒,罗仁麒rapen,5,0.039062
idol_producer_076,罗仁麒,韩沐伯,5,0.039062
idol_producer_076,罗仁麒,哇噻rapen,3,0.023438
idol_producer_076,罗仁麒,ngc-kepler11,2,0.015625
idol_producer_076,罗仁麒,向全世界安利rapen,2,0.015625
idol_producer_076,罗仁麒,Ei Ei,1,0.007812
idol_producer_076,罗仁麒,偶像练习生rapen,1,0.007812
idol_producer_077,罗杰,偶像练习生,39,0.6
idol_producer_077,罗杰,罗杰,20,0.307692
idol_producer_077,罗杰,roger,3,0.046154
idol_producer_077,罗杰,偶像练习生姜京佐,1,0.015385
idol_producer_077,罗杰,偶像练习生罗杰,1,0.015385
idol_producer_077,罗杰,罗正,1,0.015385
idol_producer_078,罗正,偶像练习生,54,0.534653
idol_producer_078,罗正,罗正,19,0.188119
idol_producer_078,罗正,偶像练习生罗正,10,0.09901
idol_producer_078,罗正,罗正今天发微博了吗,6,0.059406
idol_producer_078,罗正,麦锐练习生,3,0.029703
idol_producer_078,罗正,偶像有新番,1,0.009901
idol_producer_078,罗正,偶像练习生余明君,1,0.009901
idol_producer_078,罗正,偶组热议,1,0.009901
idol_producer_078,罗正,卜凡,1,0.009901
idol_producer_078,罗正,坤音四子,1,0.009901
idol_producer_078,罗正,复古少年罗正,1,0.009901
idol_producer_078,罗正,张艺兴,1,0.009901
idol_producer_078,罗正,罗正 侧颜,1,0.009901
idol_producer_078,罗正,罗正 照镜子,1,0.009901
idol_producer_079,胡致邦,偶像练习生,51,0.520408
idol_producer_079,胡致邦,胡致邦,23,0.234694
idol_producer_079,胡致邦,偶像练习生胡致邦,6,0.061224
idol_producer_079,胡致邦,李俊毅,3,0.030612
idol_producer_079,胡致邦,idolproducer,1,0.010204
idol_producer_079,胡致邦,jeffery,1,0.010204
idol_producer_079,胡致邦,justin黄明昊,1,0.010204
idol_producer_079,胡致邦,丁泽仁,1,0.010204
idol_producer_079,胡致邦,偶像练习生蔡徐坤,1,0.010204
idol_producer_079,胡致邦,冒个泡,1,0.010204
idol_producer_079,胡致邦,我是一个萌萌兔,1,0.010204
idol_producer_079,胡致邦,探出小脑袋,1,0.010204
idol_producer_079,胡致邦,星饭团周五见,1,0.010204
idol_producer_079,胡致邦,李权哲,1,0.010204
idol_producer_079,胡致邦,爱豆安利show,1,0.010204
idol_producer_079,胡致邦,片场妹发福利,1,0.010204
idol_producer_079,胡致邦,秦子墨,1,0.010204
idol_producer_079,胡致邦,胡致邦可爱,1,0.010204
idol_producer_079,胡致邦,陈立农,1,0.010204
idol_producer_080,董岩磊,偶像练习生,46,0.613333
idol_producer_080,董岩磊,董岩磊,7,0.093333
idol_producer_080,董岩磊,张艺兴,2,0.026667
idol_producer_080,董岩磊,董又霖,2,0.026667
idol_producer_080,董岩磊,蔡徐坤,2,0.026667
idol_producer_080,董岩磊,你的磊子突然出现,1,0.013333
idol_producer_080,董岩磊,偶像练习生毕雯珺,1,0.013333
idol_producer_080,董岩磊,偶像练习生董岩磊,1,0.013333
idol_producer_080,董岩磊,北京校草,1,0.013333
idol_producer_080,董岩磊,卜凡,1,0.013333
idol_producer_080,董岩磊,哔哩哔哩,1,0.013333
idol_producer_080,董岩磊,团长超级尬,1,0.013333
idol_producer_080,董岩磊,娄滋博,1,0.013333
idol_producer_080,董岩磊,据说大咖,1,0.013333
idol_producer_080,董岩磊,直播那些事儿,1,0.013333
idol_producer_080,董岩磊,秦奋roi,1,0.013333
idol_producer_080,董岩磊,范丞丞,1,0.013333
idol_producer_080,董岩磊,蔡徐坤了解一下,1,0.013333
idol_producer_080,董岩磊,超级星饭团,1,0.013333
idol_producer_080,董岩磊,钱正昊,1,0.013333
idol_producer_080,董岩磊,黄明昊,1,0.013333
idol_producer_081,覃俊毅,偶像练习生,34,0.596491
idol_producer_081,覃俊毅,尤长靖,3,0.052632
idol_producer_081,覃俊毅,覃俊毅,3,0.052632
idol_producer_081,覃俊毅,偶像练习生覃俊毅,2,0.035088
idol_producer_081,覃俊毅,武连杰,2,0.035088
idol_producer_081,覃俊毅,cnk男团,1,0.017544
idol_producer_081,覃俊毅,主唱大人尤长靖,1,0.017544
idol_producer_081,覃俊毅,偶像练习生尤长靖,1,0.017544
idol_producer_081,覃俊毅,向全世界安利尤长靖,1,0.017544
idol_producer_081,覃俊毅,娄滋博,1,0.017544
idol_producer_081,覃俊毅,尤长靖必须出道,1,0.017544
idol_producer_081,覃俊毅,李俊毅,1,0.017544
idol_producer_081,覃俊毅,李让,1,0.017544
idol_producer_081,覃俊毅,李长庚,1,0.017544
idol_producer_081,覃俊毅,覃俊毅♠,1,0.017544
idol_producer_081,覃俊毅,陈斯琪,1,0.017544
idol_producer_081,覃俊毅,韩雍杰,1,0.017544
idol_producer_081,覃俊毅,黑桃生日,1,0.017544
idol_producer_082,许凯皓,偶像练习生,35,0.636364
idol_producer_082,许凯皓,许凯皓,12,0.218182
idol_producer_082,许凯皓,陈立农,3,0.054545
idol_producer_082,许凯皓,许凯皓偶像练习生,2,0.036364
idol_producer_082,许凯皓,偶像有新番,1,0.018182
idol_producer_082,许凯皓,偶像练习生陈立农,1,0.018182
idol_producer_082,许凯皓,许凯皓0325生日快乐,1,0.018182
idol_producer_083,贝汯璘,偶像练习生,67,0.330049
idol_producer_083,贝汯璘,贝汯璘,20,0.098522
idol_producer_083,贝汯璘,尤长靖,14,0.068966
idol_producer_083,贝汯璘,林彦俊,14,0.068966
idol_producer_083,贝汯璘,林超泽,13,0.064039
idol_producer_083,贝汯璘,陆定昊,13,0.064039
idol_producer_083,贝汯璘,姜京佐,9,0.044335
idol_producer_083,贝汯璘,高茂桐,9,0.044335
idol_producer_083,贝汯璘,李若天,8,0.039409
idol_producer_083,贝汯璘,邱治谐,8,0.039409
idol_producer_083,贝汯璘,TRAINEE18练习生,3,0.014778
idol_producer_083,贝汯璘,偶像练习生贝汯璘,2,0.009852
idol_producer_083,贝汯璘,偶像练习生陈立农,2,0.009852
idol_producer_083,贝汯璘,王思聪,2,0.009852
idol_producer_083,贝汯璘,陈立农,2,0.009852
idol_producer_083,贝汯璘,香蕉娱乐TRAINEE18,2,0.009852
idol_producer_083,贝汯璘,Rock the show-TRAINEE18练习生,1,0.004926
idol_producer_083,贝汯璘,TRAINNE18练习生,1,0.004926
idol_producer_083,贝汯璘,pb明鹏,1,0.004926
idol_producer_083,贝汯璘,中国有嘻哈,1,0.004926
idol_producer_083,贝汯璘,伴你追星,1,0.004926
idol_producer_083,贝汯璘,偶像有新番,1,0.004926
idol_producer_083,贝汯璘,偶像练习生范丞丞,1,0.004926
idol_producer_083,贝汯璘,创造101,1,0.004926
idol_producer_083,贝汯璘,李俊毅,1,0.004926
idol_producer_083,贝汯璘,胡志邦,1,0.004926
idol_producer_083,贝汯璘,范丞丞,1,0.004926
idol_producer_083,贝汯璘,董岩磊,1,0.004926
idol_producer_083,贝汯璘,陈斯琪Suki,1,0.004926
idol_producer_083,贝汯璘,香蕉娱乐trainee18,1,0.004926
idol_producer_083,贝汯璘,黄书豪,1,0.004926
idol_producer_084,赵俞澈,偶像练习生,36,0.679245
idol_producer_084,赵俞澈,赵俞澈,7,0.132075
idol_producer_084,赵俞澈,catchers男团,2,0.037736
idol_producer_084,赵俞澈,北音学子,2,0.037736
idol_producer_084,赵俞澈,catchers应智越,1,0.018868
idol_producer_084,赵俞澈,偶像练习生排名,1,0.018868
idol_producer_084,赵俞澈,全民星访问,1,0.018868
idol_producer_084,赵俞澈,北音新闻,1,0.018868
idol_producer_084,赵俞澈,应智越,1,0.018868
idol_producer_084,赵俞澈,聚众吃瓜,1,0.018868
idol_producer_085,赵凌峰,偶像练习生,39,0.78
idol_producer_085,赵凌峰,赵凌峰,10,0.2
idol_producer_085,赵凌峰,iqiyi,1,0.02
idol_producer_086,邓烺怡,偶像练习生,62,0.442857
idol_producer_086,邓烺怡,偶像练习生邓烺怡,12,0.085714
idol_producer_086,邓烺怡,麦锐练习生,9,0.064286
idol_producer_086,邓烺怡,邓烺怡,8,0.057143
idol_producer_086,邓烺怡,范丞丞,5,0.035714
idol_producer_086,邓烺怡,蔡徐坤,3,0.021429
idol_producer_086,邓烺怡,余明君,2,0.014286
idol_producer_086,邓烺怡,偶像练习生范丞丞,2,0.014286
idol_producer_086,邓烺怡,卜凡,2,0.014286
idol_producer_086,邓烺怡,尤长靖,2,0.014286
idol_producer_086,邓烺怡,郑锐彬,2,0.014286
idol_producer_086,邓烺怡,黄明昊,2,0.014286
idol_producer_086,邓烺怡,justin,1,0.007143
idol_producer_086,邓烺怡,乐华中国line,1,0.007143
idol_producer_086,邓烺怡,偶像练习生[话题],1,0.007143
idol_producer_086,邓烺怡,偶像练习生余明君,1,0.007143
idol_producer_086,邓烺怡,偶像练习生凌崎,1,0.007143
idol_producer_086,邓烺怡,偶像练习生吕晨瑜,1,0.007143
idol_producer_086,邓烺怡,偶像练习生孙凡杰,1,0.007143
idol_producer_086,邓烺怡,偶像练习生朱匀一,1,0.007143
idol_producer_086,邓烺怡,偶像练习生朱匀天,1,0.007143
idol_producer_086,邓烺怡,偶像练习生蔡徐坤,1,0.007143
idol_producer_086,邓烺怡,偶像练习生陈立农,1,0.007143
idol_producer_086,邓烺怡,偶像队长秦奋,1,0.007143
idol_producer_086,邓烺怡,吕晨瑜,1,0.007143
idol_producer_086,邓烺怡,吕辰瑜,1,0.007143
idol_producer_086,邓烺怡,小鬼王琳凯,1,0.007143
idol_producer_086,邓烺怡,岳岳pinkray,1,0.007143
idol_producer_086,邓烺怡,木子洋,1,0.007143
idol_producer_086,邓烺怡,朱星杰,1,0.007143
idol_producer_086,邓烺怡,朱正廷,1,0.007143
idol_producer_086,邓烺怡,李希侃,1,0.007143
idol_producer_086,邓烺怡,李权哲,1,0.007143
idol_producer_086,邓烺怡,林超泽,1,0.007143
idol_producer_086,邓烺怡,爱奇艺偶像练习生,1,0.007143
idol_producer_086,邓烺怡,董又霖呆ffrey,1,0.007143
idol_producer_086,邓烺怡,许凯皓偶像练习生,1,0.007143
idol_producer_086,邓烺怡,邓烺怡0802生日快乐,1,0.007143
idol_producer_086,邓烺怡,陆定昊,1,0.007143
idol_producer_086,邓烺怡,陈立农,1,0.007143
idol_producer_086,邓烺怡,麦锐娱乐,1,0.007143
idol_producer_087,邱治谐,偶像练习生,34,0.206061
idol_producer_087,邱治谐,邱治谐,17,0.10303
idol_producer_087,邱治谐,尤长靖,14,0.084848
idol_producer_087,邱治谐,姜京佐,10,0.060606
idol_producer_087,邱治谐,李若天,10,0.060606
idol_producer_087,邱治谐,林超泽,10,0.060606
idol_producer_087,邱治谐,高茂桐,10,0.060606
idol_producer_087,邱治谐,林彦俊,8,0.048485
idol_producer_087,邱治谐,贝汯璘,8,0.048485
idol_producer_087,邱治谐,陆定昊,8,0.048485
idol_producer_087,邱治谐,trainee18-邱治谐,5,0.030303
idol_producer_087,邱治谐,偶像练习生邱治谐,4,0.024242
idol_producer_087,邱治谐,TRAINEE18练习生,2,0.012121
idol_producer_087,邱治谐,王思聪,2,0.012121
idol_producer_087,邱治谐,香蕉娱乐TRAINEE18,2,0.012121
idol_producer_087,邱治谐,香蕉娱乐trainee18,2,0.012121
idol_producer_087,邱治谐,丁泽仁,1,0.006061
idol_producer_087,邱治谐,偶像有新番,1,0.006061
idol_producer_087,邱治谐,偶像练习生蔡徐坤,1,0.006061
idol_producer_087,邱治谐,创造101,1,0.006061
idol_producer_087,邱治谐,卜凡,1,0.006061
idol_producer_087,邱治谐,周锐,1,0.006061
idol_producer_087,邱治谐,哔哩哔哩,1,0.006061
idol_producer_087,邱治谐,朱正廷,1,0.006061
idol_producer_087,邱治谐,李希侃,1,0.006061
idol_producer_087,邱治谐,李权哲,1,0.006061
idol_producer_087,邱治谐,杨非同,1,0.006061
idol_producer_087,邱治谐,灵超,1,0.006061
idol_producer_087,邱治谐,爱奇艺偶像练习生,1,0.006061
idol_producer_087,邱治谐,王子异,1,0.006061
idol_producer_087,邱治谐,范丞丞,1,0.006061
idol_producer_087,邱治谐,蔡徐坤,1,0.006061
idol_producer_087,邱治谐,郑锐彬,1,0.006061
idol_producer_087,邱治谐,陈立农,1,0.006061
idol_producer_087,邱治谐,黄明昊,1,0.006061
idol_producer_088,金逸涵,偶像练习生,24,0.571429
idol_producer_088,金逸涵,BBT,4,0.095238
idol_producer_088,金逸涵,金逸涵,3,0.071429
idol_producer_088,金逸涵,丁泽仁,2,0.047619
idol_producer_088,金逸涵,偶像练习生丁泽仁,2,0.047619
idol_producer_088,金逸涵,北音学子,2,0.047619
idol_producer_088,金逸涵,偶像练习生vip千人见面会,1,0.02381
idol_producer_088,金逸涵,偶像练习生排名,1,0.02381
idol_producer_088,金逸涵,偶像练习生金逸涵,1,0.02381
idol_producer_088,金逸涵,偶言偶语,1,0.02381
idol_producer_088,金逸涵,北音新闻,1,0.02381
idol_producer_089,闵喆祥,偶像练习生,22,0.916667
idol_producer_089,闵喆祥,闵喆祥,2,0.083333
idol_producer_090,陆定昊,偶像练习生,59,0.517544
idol_producer_090,陆定昊,陆定昊,10,0.087719
idol_producer_090,陆定昊,偶像练习生陆定昊,8,0.070175
idol_producer_090,陆定昊,trainee18-陆定昊,3,0.026316
idol_producer_090,陆定昊,偶像练习生蔡徐坤,2,0.017544
idol_producer_090,陆定昊,林超泽,2,0.017544
idol_producer_090,陆定昊,香蕉娱乐trainee18,2,0.017544
idol_producer_090,陆定昊,黄新淳,2,0.017544
idol_producer_090,陆定昊,丁泽仁,1,0.008772
idol_producer_090,陆定昊,偶像有新番,1,0.008772
idol_producer_090,陆定昊,偶像练习生justin,1,0.008772
idol_producer_090,陆定昊,偶像练习生周锐,1,0.008772
idol_producer_090,陆定昊,偶像练习生小鬼,1,0.008772
idol_producer_090,陆定昊,偶像练习生尤长靖,1,0.008772
idol_producer_090,陆定昊,偶像练习生朱星杰,1,0.008772
idol_producer_090,陆定昊,偶像练习生朱正廷,1,0.008772
idol_producer_090,陆定昊,偶像练习生杨非同,1,0.008772
idol_producer_090,陆定昊,偶像练习生范丞丞,1,0.008772
idol_producer_090,陆定昊,偶像练习生钱正昊,1,0.008772
idol_producer_090,陆定昊,偶像练习生陈立农,1,0.008772
idol_producer_090,陆定昊,偶像练习生黄书豪,1,0.008772
idol_producer_090,陆定昊,卜凡,1,0.008772
idol_producer_090,陆定昊,周锐zee,1,0.008772
idol_producer_090,陆定昊,娄滋博,1,0.008772
idol_producer_090,陆定昊,小鬼王琳凯,1,0.008772
idol_producer_090,陆定昊,朱星杰,1,0.008772
idol_producer_090,陆定昊,毕雯珺,1,0.008772
idol_producer_090,陆定昊,秦子墨,1,0.008772
idol_producer_090,陆定昊,范丞丞,1,0.008772
idol_producer_090,陆定昊,蔡徐坤,1,0.008772
idol_producer_090,陆定昊,陈名豪,1,0.008772
idol_producer_090,陆定昊,高茂桐,1,0.008772
idol_producer_090,陆定昊,黄书豪,1,0.008772
idol_producer_090,陆定昊,黄新淳偶像练习生,1,0.008772
idol_producer_091,陈义夫,偶像练习生,6,0.315789
idol_producer_091,陈义夫,陈义夫,3,0.157895
idol_producer_091,陈义夫,卜凡,1,0.052632
idol_producer_091,陈义夫,周彦辰,1,0.052632
idol_producer_091,陈义夫,周锐,1,0.052632
idol_producer_091,陈义夫,岳岳,1,0.052632
idol_producer_091,陈义夫,木子洋,1,0.052632
idol_producer_091,陈义夫,朱星杰,1,0.052632
idol_producer_091,陈义夫,灵超,1,0.052632
idol_producer_091,陈义夫,秦子墨,1,0.052632
idol_producer_091,陈义夫,董岩磊,1,0.052632
idol_producer_091,陈义夫,陆定昊,1,0.052632
idol_producer_092,陈名豪,偶像练习生,37,0.274074
idol_producer_092,陈名豪,陈名豪,25,0.185185
idol_producer_092,陈名豪,偶像练习生陈名豪,19,0.140741
idol_producer_092,陈名豪,蔡徐坤,8,0.059259
idol_producer_092,陈名豪,偶像练习生蔡徐坤,5,0.037037
idol_producer_092,陈名豪,盛夏星空,4,0.02963
idol_producer_092,陈名豪,陈名豪0415生日快乐,2,0.014815
idol_producer_092,陈名豪,Shape Of You (FTampa Remix),1,0.007407
idol_producer_092,陈名豪,onepick蔡徐坤,1,0.007407
idol_producer_092,陈名豪,专业抗氧化,1,0.007407
idol_producer_092,陈名豪,专业精神 凝驻时光,1,0.007407
idol_producer_092,陈名豪,专业精神奖,1,0.007407
idol_producer_092,陈名豪,何东东,1,0.007407
idol_producer_092,陈名豪,你好可爱,1,0.007407
idol_producer_092,陈名豪,修丽可,1,0.007407
idol_producer_092,陈名豪,偶像练习生黄书豪,1,0.007407
idol_producer_092,陈名豪,卜凡,1,0.007407
idol_producer_092,陈名豪,周锐zee,1,0.007407
idol_producer_092,陈名豪,好好吃饭 布奇,1,0.007407
idol_producer_092,陈名豪,守护名豪的水蜜桃,1,0.007407
idol_producer_092,陈名豪,小鬼王琳凯,1,0.007407
idol_producer_092,陈名豪,尤长靖,1,0.007407
idol_producer_092,陈名豪,张达源,1,0.007407
idol_producer_092,陈名豪,我喜欢上你时的内心活动,1,0.007407
idol_producer_092,陈名豪,早上好-牛奶(a)咖啡,1,0.007407
idol_producer_092,陈名豪,朱星杰,1,0.007407
idol_producer_092,陈名豪,李希侃,1,0.007407
idol_producer_092,陈名豪,杨非同,1,0.007407
idol_producer_092,陈名豪,林超泽,1,0.007407
idol_producer_092,陈名豪,毕雯珺,1,0.007407
idol_producer_092,陈名豪,王子异,1,0.007407
idol_producer_092,陈名豪,王梓豪,1,0.007407
idol_producer_092,陈名豪,王艺龙,1,0.007407
idol_producer_092,陈名豪,甜系练习生pick一下,1,0.007407
idol_producer_092,陈名豪,用尽我的一切奔向你,1,0.007407
idol_producer_092,陈名豪,秦子墨,1,0.007407
idol_producer_092,陈名豪,致敬专业,1,0.007407
idol_producer_092,陈名豪,范丞丞,1,0.007407
idol_producer_092,陈名豪,陆定昊,1,0.007407
idol_producer_092,陈名豪,陈立农,1,0.007407
idol_producer_092,陈名豪,香蕉之歌,1,0.007407
idol_producer_092,陈名豪,黄新淳,1,0.007407
idol_producer_093,陈斯琪,偶像练习生,64,0.542373
idol_producer_093,陈斯琪,陈斯琪,38,0.322034
idol_producer_093,陈斯琪,偶像练习生陈斯琪,4,0.033898
idol_producer_093,陈斯琪,国内组合,3,0.025424
idol_producer_093,陈斯琪,徐鹤尼,2,0.016949
idol_producer_093,陈斯琪,bilibili,1,0.008475
idol_producer_093,陈斯琪,cosmos陈斯琪,1,0.008475
idol_producer_093,陈斯琪,jeffrey,1,0.008475
idol_producer_093,陈斯琪,唐禹哲,1,0.008475
idol_producer_093,陈斯琪,尤长靖,1,0.008475
idol_producer_093,陈斯琪,李向哲,1,0.008475
idol_producer_093,陈斯琪,蔡徐坤,1,0.008475
idol_producer_094,靖佩瑶,偶像练习生,67,0.531746
idol_producer_094,靖佩瑶,靖佩瑶,28,0.222222
idol_producer_094,靖佩瑶,偶像练习生靖佩瑶,5,0.039683
idol_producer_094,靖佩瑶,靖佩瑶0205生日快乐,5,0.039683
idol_producer_094,靖佩瑶,韩沐伯,3,0.02381
idol_producer_094,靖佩瑶,左叶,2,0.015873
idol_producer_094,靖佩瑶,秦奋roi,2,0.015873
idol_producer_094,靖佩瑶,秦子墨,2,0.015873
idol_producer_094,靖佩瑶,偶像练习生排名,1,0.007937
idol_producer_094,靖佩瑶,元宵节,1,0.007937
idol_producer_094,靖佩瑶,北音学子,1,0.007937
idol_producer_094,靖佩瑶,周锐,1,0.007937
idol_producer_094,靖佩瑶,太原关注,1,0.007937
idol_producer_094,靖佩瑶,太原身边事,1,0.007937
idol_producer_094,靖佩瑶,晚安，北音,1,0.007937
idol_producer_094,靖佩瑶,点赞山西,1,0.007937
idol_producer_094,靖佩瑶,王子异,1,0.007937
idol_producer_094,靖佩瑶,直播那些事儿,1,0.007937
idol_producer_094,靖佩瑶,蔡徐坤,1,0.007937
idol_producer_094,靖佩瑶,觉醒东方,1,0.007937
idol_producer_095,韩沐伯,偶像练习生,64,0.474074
idol_producer_095,韩沐伯,偶像练习生韩沐伯,38,0.281481
idol_producer_095,韩沐伯,韩沐伯,23,0.17037
idol_producer_095,韩沐伯,X-FIRE男团,1,0.007407
idol_producer_095,韩沐伯,伍嘉成,1,0.007407
idol_producer_095,韩沐伯,伍谷凡磊嘉,1,0.007407
idol_producer_095,韩沐伯,偶像练习生周彦辰,1,0.007407
idol_producer_095,韩沐伯,叉烧日记,1,0.007407
idol_producer_095,韩沐伯,焉栩嘉,1,0.007407
idol_producer_095,韩沐伯,谷嘉诚,1,0.007407
idol_producer_095,韩沐伯,赵磊,1,0.007407
idol_producer_095,韩沐伯,郭子凡,1,0.007407
idol_producer_095,韩沐伯,黄景瑜,1,0.007407
idol_producer_096,韩雍杰,偶像练习生,61,0.802632
idol_producer_096,韩雍杰,韩雍杰,9,0.118421
idol_producer_096,韩雍杰,北音学子,2,0.026316
idol_producer_096,韩雍杰,偶像练习生排名,1,0.013158
idol_producer_096,韩雍杰,偶像练习生韩雍杰,1,0.013158
idol_producer_096,韩雍杰,晓娱专访,1,0.013158
idol_producer_096,韩雍杰,韩雍杰偶像练习生,1,0.013158
idol_producer_097,高茂桐,偶像练习生,35,0.291667
idol_producer_097,高茂桐,高茂桐,15,0.125
idol_producer_097,高茂桐,姜京佐,10,0.083333
idol_producer_097,高茂桐,李若天,10,0.083333
idol_producer_097,高茂桐,尤长靖,8,0.066667
idol_producer_097,高茂桐,邱治谐,7,0.058333
idol_producer_097,高茂桐,陆定昊,6,0.05
idol_producer_097,高茂桐,林彦俊,5,0.041667
idol_producer_097,高茂桐,林超泽,5,0.041667
idol_producer_097,高茂桐,贝汯璘,5,0.041667
idol_producer_097,高茂桐,王思聪,2,0.016667
idol_producer_097,高茂桐,香蕉娱乐TRAINEE18,2,0.016667
idol_producer_097,高茂桐,Ei Ei,1,0.008333
idol_producer_097,高茂桐,TRAINEE18练习生,1,0.008333
idol_producer_097,高茂桐,ei ei,1,0.008333
idol_producer_097,高茂桐,eiei,1,0.008333
idol_producer_097,高茂桐,偶像有新番,1,0.008333
idol_producer_097,高茂桐,偶像练习生陆定昊,1,0.008333
idol_producer_097,高茂桐,创造101,1,0.008333
idol_producer_097,高茂桐,十二与你，未来可期,1,0.008333
idol_producer_097,高茂桐,哔哩哔哩,1,0.008333
idol_producer_097,高茂桐,董岩磊,1,0.008333
idol_producer_098,黄书豪,偶像练习生,47,0.370079
idol_producer_098,黄书豪,偶像练习生黄书豪,15,0.11811
idol_producer_098,黄书豪,黄书豪,12,0.094488
idol_producer_098,黄书豪,张艺兴,4,0.031496
idol_producer_098,黄书豪,偶像练习生蔡徐坤,3,0.023622
idol_producer_098,黄书豪,卜凡,3,0.023622
idol_producer_098,黄书豪,bc221,2,0.015748
idol_producer_098,黄书豪,偶像有新番,2,0.015748
idol_producer_098,黄书豪,张艺兴偶像练习生,2,0.015748
idol_producer_098,黄书豪,木子洋,2,0.015748
idol_producer_098,黄书豪,林超泽,2,0.015748
idol_producer_098,黄书豪,毕雯珺,2,0.015748
idol_producer_098,黄书豪,蔡徐坤,2,0.015748
idol_producer_098,黄书豪,偶像练习生justin,1,0.007874
idol_producer_098,黄书豪,偶像练习生小鬼,1,0.007874
idol_producer_098,黄书豪,偶像练习生尤长靖,1,0.007874
idol_producer_098,黄书豪,偶像练习生朱星杰,1,0.007874
idol_producer_098,黄书豪,偶像练习生朱正廷,1,0.007874
idol_producer_098,黄书豪,偶像练习生的黄书豪,1,0.007874
idol_producer_098,黄书豪,偶像练习生范丞丞,1,0.007874
idol_producer_098,黄书豪,偶像练习生钱正昊,1,0.007874
idol_producer_098,黄书豪,偶像练习生陆定昊,1,0.007874
idol_producer_098,黄书豪,偶像练习生陈立农,1,0.007874
idol_producer_098,黄书豪,卜凡0413生日快乐,1,0.007874
idol_producer_098,黄书豪,卜凡katto,1,0.007874
idol_producer_098,黄书豪,周锐zee,1,0.007874
idol_producer_098,黄书豪,容易动情的人,1,0.007874
idol_producer_098,黄书豪,小鬼王琳凯,1,0.007874
idol_producer_098,黄书豪,岳岳pinkray,1,0.007874
idol_producer_098,黄书豪,张艺兴偶像练习生制作人,1,0.007874
idol_producer_098,黄书豪,张艺兴黄金瞳,1,0.007874
idol_producer_098,黄书豪,朱星杰,1,0.007874
idol_producer_098,黄书豪,朱正廷,1,0.007874
idol_producer_098,黄书豪,灵超,1,0.007874
idol_producer_098,黄书豪,秦子墨,1,0.007874
idol_producer_098,黄书豪,罗正,1,0.007874
idol_producer_098,黄书豪,胡致邦,1,0.007874
idol_producer_098,黄书豪,范丞丞,1,0.007874
idol_producer_098,黄书豪,陆定昊,1,0.007874
idol_producer_098,黄书豪,陈名豪,1,0.007874
idol_producer_098,黄书豪,韩沐伯,1,0.007874
idol_producer_098,黄书豪,黄新淳,1,0.007874
idol_producer_099,黄新淳,偶像练习生,50,0.231481
idol_producer_099,黄新淳,黄新淳,24,0.111111
idol_producer_099,黄新淳,丁泽仁,15,0.069444
idol_producer_099,黄新淳,朱正廷,15,0.069444
idol_producer_099,黄新淳,范丞丞,15,0.069444
idol_producer_099,黄新淳,毕雯珺,14,0.064815
idol_producer_099,黄新淳,李权哲,13,0.060185
idol_producer_099,黄新淳,黄明昊,12,0.055556
idol_producer_099,黄新淳,乐华练习生,8,0.037037
idol_producer_099,黄新淳,justin黄明昊,5,0.023148
idol_producer_099,黄新淳,偶像有新番,4,0.018519
idol_producer_099,黄新淳,乐华line,3,0.013889
idol_producer_099,黄新淳,乐华七子,3,0.013889
idol_producer_099,黄新淳,偶像练习生黄新淳,3,0.013889
idol_producer_099,黄新淳,蔡徐坤,2,0.009259
idol_producer_099,黄新淳,陆定昊,2,0.009259
idol_producer_099,黄新淳,黄新淳0514生日快乐,2,0.009259
idol_producer_099,黄新淳,黄新淳偶像练习生,2,0.009259
idol_producer_099,黄新淳,Justin,1,0.00463
idol_producer_099,黄新淳,乐华7子,1,0.00463
idol_producer_099,黄新淳,偶像练习生周锐,1,0.00463
idol_producer_099,黄新淳,偶像练习生杨非同,1,0.00463
idol_producer_099,黄新淳,偶像练习生毕雯珺,1,0.00463
idol_producer_099,黄新淳,偶像练习生范丞丞,1,0.00463
idol_producer_099,黄新淳,偶像练习生蔡徐坤,1,0.00463
idol_producer_099,黄新淳,偶像练习生陆定昊,1,0.00463
idol_producer_099,黄新淳,偶像练习生黄书豪,1,0.00463
idol_producer_099,黄新淳,卜凡,1,0.00463
idol_producer_099,黄新淳,周锐zee,1,0.00463
idol_producer_099,黄新淳,哔哩哔哩,1,0.00463
idol_producer_099,黄新淳,娄滋博,1,0.00463
idol_producer_099,黄新淳,小奇LIVE,1,0.00463
idol_producer_099,黄新淳,小鬼王琳凯,1,0.00463
idol_producer_099,黄新淳,张艺兴,1,0.00463
idol_producer_099,黄新淳,朱星杰,1,0.00463
idol_producer_099,黄新淳,林超泽,1,0.00463
idol_producer_099,黄新淳,爱奇艺偶像练习生,1,0.00463
idol_producer_099,黄新淳,王子异,1,0.00463
idol_producer_099,黄新淳,秦子墨,1,0.00463
idol_producer_099,黄新淳,董又霖,1,0.00463
idol_producer_099,黄新淳,陈名豪,1,0.00463
idol_producer_099,黄新淳,陈立农,1,0.00463
idol_producer_100,黄若涵,偶像练习生,21,0.552632
idol_producer_100,黄若涵,黄若涵,11,0.289474
idol_producer_100,黄若涵,圈师姐推荐,1,0.026316
idol_producer_100,黄若涵,娱乐追踪社,1,0.026316
idol_producer_100,黄若涵,练习生的凌晨零点,1,0.026316
idol_producer_100,黄若涵,酷燃视频,1,0.026316
idol_producer_100,黄若涵,闺蜜的完美旅行,1,0.026316
idol_producer_100,黄若涵,音乐红人计划,1,0.026316
