trainee_id,trainee_name,final_rank,是否成团,weibo_post_count,reposts_sum,comments_sum,likes_sum,query_attempts,query_success,window_success_count,window_count
idol_producer_001,蔡徐坤,1.0,1,68,112,691,768,html:初评级阶段:蔡徐坤 偶像练习生:200:3 | html:主题曲考核阶段:蔡徐坤 偶像练习生:200:7 | html:位置测评阶段:蔡徐坤 偶像练习生:200:3 | html:排名发布阶段:蔡徐坤 偶像练习生:200:19 | html:合作舞台阶段:蔡徐坤 偶像练习生:200:22 | html:总决赛阶段:蔡徐坤 偶像练习生:200:19,1,6,6
idol_producer_002,陈立农,2.0,1,80,567,1834,2368,html:初评级阶段:陈立农 偶像练习生:200:12 | html:主题曲考核阶段:陈立农 偶像练习生:200:3 | html:位置测评阶段:陈立农 偶像练习生:200:8 | html:排名发布阶段:陈立农 偶像练习生:200:28 | html:合作舞台阶段:陈立农 偶像练习生:200:25 | html:总决赛阶段:陈立农 偶像练习生:200:19,1,6,6
idol_producer_003,范丞丞,3.0,1,67,522,1611,2518,html:初评级阶段:范丞丞 偶像练习生:200:8 | html:主题曲考核阶段:范丞丞 偶像练习生:200:9 | html:位置测评阶段:范丞丞 偶像练习生:200:7 | html:排名发布阶段:范丞丞 偶像练习生:200:24 | html:合作舞台阶段:范丞丞 偶像练习生:200:18 | html:总决赛阶段:范丞丞 偶像练习生:200:16,1,6,6
idol_producer_004,黄明昊,4.0,1,64,2246,1749,7075,html:初评级阶段:黄明昊 偶像练习生:200:4 | html:主题曲考核阶段:黄明昊 偶像练习生:200:10 | html:位置测评阶段:黄明昊 偶像练习生:200:13 | html:排名发布阶段:黄明昊 偶像练习生:200:15 | html:合作舞台阶段:黄明昊 偶像练习生:200:22 | html:总决赛阶段:黄明昊 偶像练习生:200:15,1,6,6
idol_producer_005,林彦俊,5.0,1,68,426,1281,2040,html:初评级阶段:林彦俊 偶像练习生:200:15 | html:主题曲考核阶段:林彦俊 偶像练习生:200:5 | html:位置测评阶段:林彦俊 偶像练习生:200:11 | html:排名发布阶段:林彦俊 偶像练习生:200:15 | html:合作舞台阶段:林彦俊 偶像练习生:200:26 | html:总决赛阶段:林彦俊 偶像练习生:200:21,1,6,6
idol_producer_006,朱正廷,6.0,1,61,347,1212,1892,html:初评级阶段:朱正廷 偶像练习生:200:15 | html:主题曲考核阶段:朱正廷 偶像练习生:200:15 | html:位置测评阶段:朱正廷 偶像练习生:200:15 | html:排名发布阶段:朱正廷 偶像练习生:200:26 | html:合作舞台阶段:朱正廷 偶像练习生:200:19 | html:总决赛阶段:朱正廷 偶像练习生:200:16,1,6,6
idol_producer_007,王子异,7.0,1,68,12989,5668,10779,html:初评级阶段:王子异 偶像练习生:200:10 | html:主题曲考核阶段:王子异 偶像练习生:200:13 | html:位置测评阶段:王子异 偶像练习生:200:11 | html:排名发布阶段:王子异 偶像练习生:200:16 | html:合作舞台阶段:王子异 偶像练习生:200:27 | html:总决赛阶段:王子异 偶像练习生:200:16,1,6,6
idol_producer_008,小鬼,8.0,1,74,414,1392,2288,html:初评级阶段:小鬼 偶像练习生:200:3 | html:主题曲考核阶段:小鬼 偶像练习生:200:15 | html:位置测评阶段:小鬼 偶像练习生:200:15 | html:排名发布阶段:小鬼 偶像练习生:200:28 | html:合作舞台阶段:小鬼 偶像练习生:200:19 | html:总决赛阶段:小鬼 偶像练习生:200:19,1,6,6
idol_producer_009,尤长靖,9.0,1,50,190,494,1568,html:初评级阶段:尤长靖 偶像练习生:200:3 | html:主题曲考核阶段:尤长靖 偶像练习生:200:15 | html:位置测评阶段:尤长靖 偶像练习生:200:7 | html:排名发布阶段:尤长靖 偶像练习生:200:9 | html:合作舞台阶段:尤长靖 偶像练习生:200:14 | html:总决赛阶段:尤长靖 偶像练习生:200:22,1,6,6
idol_producer_010,毕雯珺,10.0,0,63,2017,2215,6553,html:初评级阶段:毕雯珺 偶像练习生:200:7 | html:主题曲考核阶段:毕雯珺 偶像练习生:200:7 | html:位置测评阶段:毕雯珺 偶像练习生:200:7 | html:排名发布阶段:毕雯珺 偶像练习生:200:22 | html:合作舞台阶段:毕雯珺 偶像练习生:200:16 | html:总决赛阶段:毕雯珺 偶像练习生:200:19,1,6,6
idol_producer_011,钱正昊,11.0,0,67,838,806,1770,html:初评级阶段:钱正昊 偶像练习生:200:9 | html:主题曲考核阶段:钱正昊 偶像练习生:200:11 | html:位置测评阶段:钱正昊 偶像练习生:200:7 | html:排名发布阶段:钱正昊 偶像练习生:200:23 | html:合作舞台阶段:钱正昊 偶像练习生:200:17 | html:总决赛阶段:钱正昊 偶像练习生:200:20,1,6,6
idol_producer_012,卜凡,12.0,0,47,12505,3859,8687,html:初评级阶段:卜凡 偶像练习生:200:15 | html:主题曲考核阶段:卜凡 偶像练习生:200:7 | html:位置测评阶段:卜凡 偶像练习生:200:15 | html:排名发布阶段:卜凡 偶像练习生:200:22 | html:合作舞台阶段:卜凡 偶像练习生:200:14 | html:总决赛阶段:卜凡 偶像练习生:200:9,1,6,6
idol_producer_013,李希侃,13.0,0,56,585,624,1797,html:初评级阶段:李希侃 偶像练习生:200:15 | html:主题曲考核阶段:李希侃 偶像练习生:200:13 | html:位置测评阶段:李希侃 偶像练习生:200:7 | html:排名发布阶段:李希侃 偶像练习生:200:25 | html:合作舞台阶段:李希侃 偶像练习生:200:13 | html:总决赛阶段:李希侃 偶像练习生:200:13,1,6,6
idol_producer_014,朱星杰,14.0,0,58,2528,1641,3969,html:初评级阶段:朱星杰 偶像练习生:200:8 | html:主题曲考核阶段:朱星杰 偶像练习生:200:11 | html:位置测评阶段:朱星杰 偶像练习生:200:15 | html:排名发布阶段:朱星杰 偶像练习生:200:13 | html:合作舞台阶段:朱星杰 偶像练习生:200:20 | html:总决赛阶段:朱星杰 偶像练习生:200:21,1,6,6
idol_producer_015,灵超,15.0,0,65,417,374,1729,html:初评级阶段:灵超 偶像练习生:200:11 | html:主题曲考核阶段:灵超 偶像练习生:200:11 | html:位置测评阶段:灵超 偶像练习生:200:11 | html:排名发布阶段:灵超 偶像练习生:200:23 | html:合作舞台阶段:灵超 偶像练习生:200:22 | html:总决赛阶段:灵超 偶像练习生:200:17,1,6,6
idol_producer_016,郑锐彬,16.0,0,64,341,168,733,html:初评级阶段:郑锐彬 偶像练习生:200:9 | html:主题曲考核阶段:郑锐彬 偶像练习生:200:7 | html:位置测评阶段:郑锐彬 偶像练习生:200:11 | html:排名发布阶段:郑锐彬 偶像练习生:200:23 | html:合作舞台阶段:郑锐彬 偶像练习生:200:16 | html:总决赛阶段:郑锐彬 偶像练习生:200:18,1,6,6
idol_producer_017,董又霖,17.0,0,57,1000,1796,7166,html:初评级阶段:董又霖 偶像练习生:200:11 | html:主题曲考核阶段:董又霖 偶像练习生:200:6 | html:位置测评阶段:董又霖 偶像练习生:200:7 | html:排名发布阶段:董又霖 偶像练习生:200:17 | html:合作舞台阶段:董又霖 偶像练习生:200:15 | html:总决赛阶段:董又霖 偶像练习生:200:16,1,6,6
idol_producer_018,秦奋,18.0,0,55,5179,3400,7706,html:初评级阶段:秦奋 偶像练习生:200:13 | html:主题曲考核阶段:秦奋 偶像练习生:200:7 | html:位置测评阶段:秦奋 偶像练习生:200:12 | html:排名发布阶段:秦奋 偶像练习生:200:19 | html:合作舞台阶段:秦奋 偶像练习生:200:18 | html:总决赛阶段:秦奋 偶像练习生:200:11,1,6,6
idol_producer_019,林超泽,19.0,0,64,372,2476,5873,html:初评级阶段:林超泽 偶像练习生:200:7 | html:主题曲考核阶段:林超泽 偶像练习生:200:7 | html:位置测评阶段:林超泽 偶像练习生:200:5 | html:排名发布阶段:林超泽 偶像练习生:200:22 | html:合作舞台阶段:林超泽 偶像练习生:200:20 | html:总决赛阶段:林超泽 偶像练习生:200:13,1,6,6
idol_producer_020,徐圣恩,20.0,0,76,728,1581,4985,html:初评级阶段:徐圣恩 偶像练习生:200:11 | html:主题曲考核阶段:徐圣恩 偶像练习生:200:12 | html:位置测评阶段:徐圣恩 偶像练习生:200:9 | html:排名发布阶段:徐圣恩 偶像练习生:200:19 | html:合作舞台阶段:徐圣恩 偶像练习生:200:23 | html:总决赛阶段:徐圣恩 偶像练习生:200:27,1,6,6
idol_producer_021,丁泽仁,,0,54,46,205,780,html:初评级阶段:丁泽仁 偶像练习生:200:11 | html:主题曲考核阶段:丁泽仁 偶像练习生:200:8 | html:位置测评阶段:丁泽仁 偶像练习生:200:11 | html:排名发布阶段:丁泽仁 偶像练习生:200:20 | html:合作舞台阶段:丁泽仁 偶像练习生:200:15 | html:总决赛阶段:丁泽仁 偶像练习生:200:14,1,6,6
idol_producer_022,万宇贤,,0,9,364,1887,1476,html:初评级阶段:万宇贤 偶像练习生:200:11 | html:主题曲考核阶段:万宇贤 偶像练习生:200:11 | html:位置测评阶段:万宇贤 偶像练习生:200:11 | html:排名发布阶段:万宇贤 偶像练习生:200:12 | html:合作舞台阶段:万宇贤 偶像练习生:200:11 | html:总决赛阶段:万宇贤 偶像练习生:200:13,1,6,6
idol_producer_023,于斌,,0,10,220,1599,1066,html:初评级阶段:于斌 偶像练习生:200:15 | html:主题曲考核阶段:于斌 偶像练习生:200:15 | html:位置测评阶段:于斌 偶像练习生:200:11 | html:排名发布阶段:于斌 偶像练习生:200:9 | html:合作舞台阶段:于斌 偶像练习生:200:9 | html:总决赛阶段:于斌 偶像练习生:200:11,1,6,6
idol_producer_024,于浩,,0,53,743,3161,6130,html:初评级阶段:于浩 偶像练习生:200:8 | html:主题曲考核阶段:于浩 偶像练习生:200:10 | html:位置测评阶段:于浩 偶像练习生:200:11 | html:排名发布阶段:于浩 偶像练习生:200:11 | html:合作舞台阶段:于浩 偶像练习生:200:25 | html:总决赛阶段:于浩 偶像练习生:200:18,1,6,6
idol_producer_025,伽里,,0,50,67,208,621,html:初评级阶段:伽里 偶像练习生:200:7 | html:主题曲考核阶段:伽里 偶像练习生:200:15 | html:位置测评阶段:伽里 偶像练习生:200:4 | html:排名发布阶段:伽里 偶像练习生:200:13 | html:合作舞台阶段:伽里 偶像练习生:200:15 | html:总决赛阶段:伽里 偶像练习生:200:16,1,6,6
idol_producer_026,何东东,,0,77,8776,4927,12926,html:初评级阶段:何东东 偶像练习生:200:3 | html:主题曲考核阶段:何东东 偶像练习生:200:12 | html:位置测评阶段:何东东 偶像练习生:200:6 | html:排名发布阶段:何东东 偶像练习生:200:22 | html:合作舞台阶段:何东东 偶像练习生:200:21 | html:总决赛阶段:何东东 偶像练习生:200:23,1,6,6
idol_producer_027,何嘉庚,,0,17,677,3014,4602,html:初评级阶段:何嘉庚 偶像练习生:200:15 | html:主题曲考核阶段:何嘉庚 偶像练习生:200:11 | html:位置测评阶段:何嘉庚 偶像练习生:200:5 | html:排名发布阶段:何嘉庚 偶像练习生:200:11 | html:合作舞台阶段:何嘉庚 偶像练习生:200:12 | html:总决赛阶段:何嘉庚 偶像练习生:200:18,1,6,6
idol_producer_028,余明君,,0,83,6252,5749,11854,html:初评级阶段:余明君 偶像练习生:200:12 | html:主题曲考核阶段:余明君 偶像练习生:200:15 | html:位置测评阶段:余明君 偶像练习生:200:11 | html:排名发布阶段:余明君 偶像练习生:200:25 | html:合作舞台阶段:余明君 偶像练习生:200:25 | html:总决赛阶段:余明君 偶像练习生:200:15,1,6,6
idol_producer_029,侯浩然,,0,18,3567,11403,14966,html:初评级阶段:侯浩然 偶像练习生:200:9 | html:主题曲考核阶段:侯浩然 偶像练习生:200:11 | html:位置测评阶段:侯浩然 偶像练习生:200:13 | html:排名发布阶段:侯浩然 偶像练习生:200:15 | html:合作舞台阶段:侯浩然 偶像练习生:200:13 | html:总决赛阶段:侯浩然 偶像练习生:200:12,1,6,6
idol_producer_030,凌崎,,0,84,3148,4005,6767,html:初评级阶段:凌崎 偶像练习生:200:15 | html:主题曲考核阶段:凌崎 偶像练习生:200:14 | html:位置测评阶段:凌崎 偶像练习生:200:10 | html:排名发布阶段:凌崎 偶像练习生:200:16 | html:合作舞台阶段:凌崎 偶像练习生:200:16 | html:总决赛阶段:凌崎 偶像练习生:200:23,1,6,6
idol_producer_031,叶泓希,,0,45,2578,3235,3692,html:初评级阶段:叶泓希 偶像练习生:200:15 | html:主题曲考核阶段:叶泓希 偶像练习生:200:13 | html:位置测评阶段:叶泓希 偶像练习生:200:3 | html:排名发布阶段:叶泓希 偶像练习生:200:10 | html:合作舞台阶段:叶泓希 偶像练习生:200:17 | html:总决赛阶段:叶泓希 偶像练习生:200:27,1,6,6
idol_producer_032,吕晨瑜,,0,50,1333,4117,6906,html:初评级阶段:吕晨瑜 偶像练习生:200:10 | html:主题曲考核阶段:吕晨瑜 偶像练习生:200:11 | html:位置测评阶段:吕晨瑜 偶像练习生:200:14 | html:排名发布阶段:吕晨瑜 偶像练习生:200:16 | html:合作舞台阶段:吕晨瑜 偶像练习生:200:13 | html:总决赛阶段:吕晨瑜 偶像练习生:200:21,1,6,6
idol_producer_033,周彦辰,,0,70,211,374,1095,html:初评级阶段:周彦辰 偶像练习生:200:15 | html:主题曲考核阶段:周彦辰 偶像练习生:200:15 | html:位置测评阶段:周彦辰 偶像练习生:200:7 | html:排名发布阶段:周彦辰 偶像练习生:200:16 | html:合作舞台阶段:周彦辰 偶像练习生:200:23 | html:总决赛阶段:周彦辰 偶像练习生:200:29,1,6,6
idol_producer_034,周腾阳,,0,8,247,1648,1215,html:初评级阶段:周腾阳 偶像练习生:200:12 | html:主题曲考核阶段:周腾阳 偶像练习生:200:15 | html:位置测评阶段:周腾阳 偶像练习生:200:11 | html:排名发布阶段:周腾阳 偶像练习生:200:12 | html:合作舞台阶段:周腾阳 偶像练习生:200:12 | html:总决赛阶段:周腾阳 偶像练习生:200:11,1,6,6
idol_producer_035,周锐,,0,64,59,327,934,html:初评级阶段:周锐 偶像练习生:200:15 | html:主题曲考核阶段:周锐 偶像练习生:200:15 | html:位置测评阶段:周锐 偶像练习生:200:9 | html:排名发布阶段:周锐 偶像练习生:200:22 | html:合作舞台阶段:周锐 偶像练习生:200:16 | html:总决赛阶段:周锐 偶像练习生:200:22,1,6,6
idol_producer_036,姜京佐,,0,36,2535,3720,4828,html:初评级阶段:姜京佐 偶像练习生:200:11 | html:主题曲考核阶段:姜京佐 偶像练习生:200:15 | html:位置测评阶段:姜京佐 偶像练习生:200:7 | html:排名发布阶段:姜京佐 偶像练习生:200:6 | html:合作舞台阶段:姜京佐 偶像练习生:200:16 | html:总决赛阶段:姜京佐 偶像练习生:200:16,1,6,6
idol_producer_037,姜祎,,0,0,0,0,0,html:初评级阶段:姜祎 偶像练习生:200:15 | html:主题曲考核阶段:姜祎 偶像练习生:200:15 | html:位置测评阶段:姜祎 偶像练习生:200:15 | html:排名发布阶段:姜祎 偶像练习生:200:15 | html:合作舞台阶段:姜祎 偶像练习生:200:15 | html:总决赛阶段:姜祎 偶像练习生:200:15,1,6,6
idol_producer_038,姜达赫,,0,38,1507,1232,2197,html:初评级阶段:姜达赫 偶像练习生:200:15 | html:主题曲考核阶段:姜达赫 偶像练习生:200:15 | html:位置测评阶段:姜达赫 偶像练习生:200:11 | html:排名发布阶段:姜达赫 偶像练习生:200:17 | html:合作舞台阶段:姜达赫 偶像练习生:200:21 | html:总决赛阶段:姜达赫 偶像练习生:200:14,1,6,6
idol_producer_039,娄滋博,,0,60,351,715,1513,html:初评级阶段:娄滋博 偶像练习生:200:13 | html:主题曲考核阶段:娄滋博 偶像练习生:200:5 | html:位置测评阶段:娄滋博 偶像练习生:200:10 | html:排名发布阶段:娄滋博 偶像练习生:200:13 | html:合作舞台阶段:娄滋博 偶像练习生:200:16 | html:总决赛阶段:娄滋博 偶像练习生:200:18,1,6,6
idol_producer_040,孙凡杰,,0,45,830,2842,2834,html:初评级阶段:孙凡杰 偶像练习生:200:12 | html:主题曲考核阶段:孙凡杰 偶像练习生:200:11 | html:位置测评阶段:孙凡杰 偶像练习生:200:5 | html:排名发布阶段:孙凡杰 偶像练习生:200:10 | html:合作舞台阶段:孙凡杰 偶像练习生:200:27 | html:总决赛阶段:孙凡杰 偶像练习生:200:15,1,6,6
idol_producer_041,孙浩然,,0,52,5268,5989,15377,html:初评级阶段:孙浩然 偶像练习生:200:8 | html:主题曲考核阶段:孙浩然 偶像练习生:200:15 | html:位置测评阶段:孙浩然 偶像练习生:200:13 | html:排名发布阶段:孙浩然 偶像练习生:200:12 | html:合作舞台阶段:孙浩然 偶像练习生:200:20 | html:总决赛阶段:孙浩然 偶像练习生:200:14,1,6,6
idol_producer_042,宋睡觉,,0,11,192,1145,2624,html:初评级阶段:宋睡觉 偶像练习生:200:8 | html:主题曲考核阶段:宋睡觉 偶像练习生:200:11 | html:位置测评阶段:宋睡觉 偶像练习生:200:15 | html:排名发布阶段:宋睡觉 偶像练习生:200:12 | html:合作舞台阶段:宋睡觉 偶像练习生:200:14 | html:总决赛阶段:宋睡觉 偶像练习生:200:11,1,6,6
idol_producer_043,岳岳,,0,56,414,281,1435,html:初评级阶段:岳岳 偶像练习生:200:15 | html:主题曲考核阶段:岳岳 偶像练习生:200:17 | html:位置测评阶段:岳岳 偶像练习生:200:15 | html:排名发布阶段:岳岳 偶像练习生:200:19 | html:合作舞台阶段:岳岳 偶像练习生:200:16 | html:总决赛阶段:岳岳 偶像练习生:200:14,1,6,6
idol_producer_044,左叶,,0,75,4932,3857,8899,html:初评级阶段:左叶 偶像练习生:200:5 | html:主题曲考核阶段:左叶 偶像练习生:200:11 | html:位置测评阶段:左叶 偶像练习生:200:11 | html:排名发布阶段:左叶 偶像练习生:200:20 | html:合作舞台阶段:左叶 偶像练习生:200:23 | html:总决赛阶段:左叶 偶像练习生:200:25,1,6,6
idol_producer_045,应智越,,0,62,491,2688,5596,html:初评级阶段:应智越 偶像练习生:200:15 | html:主题曲考核阶段:应智越 偶像练习生:200:6 | html:位置测评阶段:应智越 偶像练习生:200:17 | html:排名发布阶段:应智越 偶像练习生:200:14 | html:合作舞台阶段:应智越 偶像练习生:200:23 | html:总决赛阶段:应智越 偶像练习生:200:17,1,6,6
idol_producer_046,张奕轩,,0,69,2936,1937,4524,html:初评级阶段:张奕轩 偶像练习生:200:10 | html:主题曲考核阶段:张奕轩 偶像练习生:200:8 | html:位置测评阶段:张奕轩 偶像练习生:200:10 | html:排名发布阶段:张奕轩 偶像练习生:200:20 | html:合作舞台阶段:张奕轩 偶像练习生:200:22 | html:总决赛阶段:张奕轩 偶像练习生:200:9,1,6,6
idol_producer_047,张宇晨,,0,9,583,2678,4640,html:初评级阶段:张宇晨 偶像练习生:200:15 | html:主题曲考核阶段:张宇晨 偶像练习生:200:7 | html:位置测评阶段:张宇晨 偶像练习生:200:5 | html:排名发布阶段:张宇晨 偶像练习生:200:11 | html:合作舞台阶段:张宇晨 偶像练习生:200:15 | html:总决赛阶段:张宇晨 偶像练习生:200:11,1,6,6
idol_producer_048,张昕,,0,30,2547,3055,2462,html:初评级阶段:张昕 偶像练习生:200:15 | html:主题曲考核阶段:张昕 偶像练习生:200:7 | html:位置测评阶段:张昕 偶像练习生:200:13 | html:排名发布阶段:张昕 偶像练习生:200:8 | html:合作舞台阶段:张昕 偶像练习生:200:13 | html:总决赛阶段:张昕 偶像练习生:200:19,1,6,6
idol_producer_049,张晏恺,,0,37,1077,2856,4691,html:初评级阶段:张晏恺 偶像练习生:200:12 | html:主题曲考核阶段:张晏恺 偶像练习生:200:15 | html:位置测评阶段:张晏恺 偶像练习生:200:12 | html:排名发布阶段:张晏恺 偶像练习生:200:13 | html:合作舞台阶段:张晏恺 偶像练习生:200:15 | html:总决赛阶段:张晏恺 偶像练习生:200:15,1,6,6
idol_producer_050,张津铭,,0,4,1,53,74,html:初评级阶段:张津铭 偶像练习生:200:15 | html:主题曲考核阶段:张津铭 偶像练习生:200:15 | html:位置测评阶段:张津铭 偶像练习生:200:12 | html:排名发布阶段:张津铭 偶像练习生:200:11 | html:合作舞台阶段:张津铭 偶像练习生:200:11 | html:总决赛阶段:张津铭 偶像练习生:200:15,1,6,6
idol_producer_051,张艺凡,,0,15,265,1606,1171,html:初评级阶段:张艺凡 偶像练习生:200:15 | html:主题曲考核阶段:张艺凡 偶像练习生:200:11 | html:位置测评阶段:张艺凡 偶像练习生:200:8 | html:排名发布阶段:张艺凡 偶像练习生:200:12 | html:合作舞台阶段:张艺凡 偶像练习生:200:4 | html:总决赛阶段:张艺凡 偶像练习生:200:15,1,6,6
idol_producer_052,张达源,,0,67,181,831,2024,html:初评级阶段:张达源 偶像练习生:200:7 | html:主题曲考核阶段:张达源 偶像练习生:200:15 | html:位置测评阶段:张达源 偶像练习生:200:5 | html:排名发布阶段:张达源 偶像练习生:200:17 | html:合作舞台阶段:张达源 偶像练习生:200:23 | html:总决赛阶段:张达源 偶像练习生:200:20,1,6,6
idol_producer_053,徐鹤尼,,0,101,532,2104,1791,html:初评级阶段:徐鹤尼 偶像练习生:200:22 | html:主题曲考核阶段:徐鹤尼 偶像练习生:200:22 | html:位置测评阶段:徐鹤尼 偶像练习生:200:7 | html:排名发布阶段:徐鹤尼 偶像练习生:200:12 | html:合作舞台阶段:徐鹤尼 偶像练习生:200:18 | html:总决赛阶段:徐鹤尼 偶像练习生:200:30,1,6,6
idol_producer_054,明鹏,,0,40,324,1703,4697,html:初评级阶段:明鹏 偶像练习生:200:15 | html:主题曲考核阶段:明鹏 偶像练习生:200:15 | html:位置测评阶段:明鹏 偶像练习生:200:11 | html:排名发布阶段:明鹏 偶像练习生:200:9 | html:合作舞台阶段:明鹏 偶像练习生:200:15 | html:总决赛阶段:明鹏 偶像练习生:200:15,1,6,6
idol_producer_055,木子洋,,0,52,671,253,1420,html:初评级阶段:木子洋 偶像练习生:200:15 | html:主题曲考核阶段:木子洋 偶像练习生:200:11 | html:位置测评阶段:木子洋 偶像练习生:200:15 | html:排名发布阶段:木子洋 偶像练习生:200:21 | html:合作舞台阶段:木子洋 偶像练习生:200:8 | html:总决赛阶段:木子洋 偶像练习生:200:22,1,6,6
idol_producer_056,朱一文,,0,14,526,2763,5974,html:初评级阶段:朱一文 偶像练习生:200:15 | html:主题曲考核阶段:朱一文 偶像练习生:200:15 | html:位置测评阶段:朱一文 偶像练习生:200:11 | html:排名发布阶段:朱一文 偶像练习生:200:9 | html:合作舞台阶段:朱一文 偶像练习生:200:12 | html:总决赛阶段:朱一文 偶像练习生:200:17,1,6,6
idol_producer_057,朱匀一,,0,62,2558,2040,6682,html:初评级阶段:朱匀一 偶像练习生:200:15 | html:主题曲考核阶段:朱匀一 偶像练习生:200:11 | html:位置测评阶段:朱匀一 偶像练习生:200:11 | html:排名发布阶段:朱匀一 偶像练习生:200:21 | html:合作舞台阶段:朱匀一 偶像练习生:200:23 | html:总决赛阶段:朱匀一 偶像练习生:200:16,1,6,6
idol_producer_058,朱匀天,,0,58,1854,1857,4542,html:初评级阶段:朱匀天 偶像练习生:200:4 | html:主题曲考核阶段:朱匀天 偶像练习生:200:7 | html:位置测评阶段:朱匀天 偶像练习生:200:11 | html:排名发布阶段:朱匀天 偶像练习生:200:19 | html:合作舞台阶段:朱匀天 偶像练习生:200:17 | html:总决赛阶段:朱匀天 偶像练习生:200:15,1,6,6
idol_producer_059,李俊毅,,0,65,4725,4326,27047,html:初评级阶段:李俊毅 偶像练习生:200:15 | html:主题曲考核阶段:李俊毅 偶像练习生:200:11 | html:位置测评阶段:李俊毅 偶像练习生:200:9 | html:排名发布阶段:李俊毅 偶像练习生:200:19 | html:合作舞台阶段:李俊毅 偶像练习生:200:25 | html:总决赛阶段:李俊毅 偶像练习生:200:16,1,6,6
idol_producer_060,李志杰,,0,9,2236,3223,6765,html:初评级阶段:李志杰 偶像练习生:200:12 | html:主题曲考核阶段:李志杰 偶像练习生:200:15 | html:位置测评阶段:李志杰 偶像练习生:200:3 | html:排名发布阶段:李志杰 偶像练习生:200:11 | html:合作舞台阶段:李志杰 偶像练习生:200:15 | html:总决赛阶段:李志杰 偶像练习生:200:13,1,6,6
idol_producer_061,李权哲,,0,72,254,421,2923,html:初评级阶段:李权哲 偶像练习生:200:3 | html:主题曲考核阶段:李权哲 偶像练习生:200:11 | html:位置测评阶段:李权哲 偶像练习生:200:7 | html:排名发布阶段:李权哲 偶像练习生:200:20 | html:合作舞台阶段:李权哲 偶像练习生:200:25 | html:总决赛阶段:李权哲 偶像练习生:200:21,1,6,6
idol_producer_062,李若天,,0,57,14495,6881,14769,html:初评级阶段:李若天 偶像练习生:200:11 | html:主题曲考核阶段:李若天 偶像练习生:200:15 | html:位置测评阶段:李若天 偶像练习生:200:12 | html:排名发布阶段:李若天 偶像练习生:200:19 | html:合作舞台阶段:李若天 偶像练习生:200:19 | html:总决赛阶段:李若天 偶像练习生:200:26,1,6,6
idol_producer_063,李让,,0,67,435,1677,4234,html:初评级阶段:李让 偶像练习生:200:11 | html:主题曲考核阶段:李让 偶像练习生:200:3 | html:位置测评阶段:李让 偶像练习生:200:14 | html:排名发布阶段:李让 偶像练习生:200:20 | html:合作舞台阶段:李让 偶像练习生:200:21 | html:总决赛阶段:李让 偶像练习生:200:18,1,6,6
idol_producer_064,李鑫岩,,0,12,316,1717,1561,html:初评级阶段:李鑫岩 偶像练习生:200:15 | html:主题曲考核阶段:李鑫岩 偶像练习生:200:7 | html:位置测评阶段:李鑫岩 偶像练习生:200:9 | html:排名发布阶段:李鑫岩 偶像练习生:200:15 | html:合作舞台阶段:李鑫岩 偶像练习生:200:11 | html:总决赛阶段:李鑫岩 偶像练习生:200:15,1,6,6
idol_producer_065,李长庚,,0,73,115,226,392,html:初评级阶段:李长庚 偶像练习生:200:15 | html:主题曲考核阶段:李长庚 偶像练习生:200:10 | html:位置测评阶段:李长庚 偶像练习生:200:11 | html:排名发布阶段:李长庚 偶像练习生:200:22 | html:合作舞台阶段:李长庚 偶像练习生:200:18 | html:总决赛阶段:李长庚 偶像练习生:200:27,1,6,6
idol_producer_066,杨羿,,0,7,234,1626,1171,html:初评级阶段:杨羿 偶像练习生:200:15 | html:主题曲考核阶段:杨羿 偶像练习生:200:11 | html:位置测评阶段:杨羿 偶像练习生:200:3 | html:排名发布阶段:杨羿 偶像练习生:200:11 | html:合作舞台阶段:杨羿 偶像练习生:200:11 | html:总决赛阶段:杨羿 偶像练习生:200:11,1,6,6
idol_producer_067,杨非同,,0,94,1617,2141,5102,html:初评级阶段:杨非同 偶像练习生:200:12 | html:主题曲考核阶段:杨非同 偶像练习生:200:15 | html:位置测评阶段:杨非同 偶像练习生:200:8 | html:排名发布阶段:杨非同 偶像练习生:200:20 | html:合作舞台阶段:杨非同 偶像练习生:200:21 | html:总决赛阶段:杨非同 偶像练习生:200:28,1,6,6
idol_producer_068,林浩楷,,0,37,6249,6981,17654,html:初评级阶段:林浩楷 偶像练习生:200:13 | html:主题曲考核阶段:林浩楷 偶像练习生:200:11 | html:位置测评阶段:林浩楷 偶像练习生:200:8 | html:排名发布阶段:林浩楷 偶像练习生:200:11 | html:合作舞台阶段:林浩楷 偶像练习生:200:13 | html:总决赛阶段:林浩楷 偶像练习生:200:11,1,6,6
idol_producer_069,梁辉,,0,65,101,547,3443,html:初评级阶段:梁辉 偶像练习生:200:15 | html:主题曲考核阶段:梁辉 偶像练习生:200:11 | html:位置测评阶段:梁辉 偶像练习生:200:6 | html:排名发布阶段:梁辉 偶像练习生:200:19 | html:合作舞台阶段:梁辉 偶像练习生:200:21 | html:总决赛阶段:梁辉 偶像练习生:200:18,1,6,6
idol_producer_070,武连杰,,0,42,185,498,1151,html:初评级阶段:武连杰 偶像练习生:200:15 | html:主题曲考核阶段:武连杰 偶像练习生:200:8 | html:位置测评阶段:武连杰 偶像练习生:200:13 | html:排名发布阶段:武连杰 偶像练习生:200:17 | html:合作舞台阶段:武连杰 偶像练习生:200:11 | html:总决赛阶段:武连杰 偶像练习生:200:13,1,6,6
idol_producer_071,王宥辰,,0,22,616,1857,1806,html:初评级阶段:王宥辰 偶像练习生:200:9 | html:主题曲考核阶段:王宥辰 偶像练习生:200:11 | html:位置测评阶段:王宥辰 偶像练习生:200:10 | html:排名发布阶段:王宥辰 偶像练习生:200:15 | html:合作舞台阶段:王宥辰 偶像练习生:200:14 | html:总决赛阶段:王宥辰 偶像练习生:200:13,1,6,6
idol_producer_072,王梓豪,,0,42,10930,4757,5671,html:初评级阶段:王梓豪 偶像练习生:200:8 | html:主题曲考核阶段:王梓豪 偶像练习生:200:7 | html:位置测评阶段:王梓豪 偶像练习生:200:19 | html:排名发布阶段:王梓豪 偶像练习生:200:8 | html:合作舞台阶段:王梓豪 偶像练习生:200:17 | html:总决赛阶段:王梓豪 偶像练习生:200:13,1,6,6
idol_producer_073,王艺龙,,0,75,12236,5199,10567,html:初评级阶段:王艺龙 偶像练习生:200:8 | html:主题曲考核阶段:王艺龙 偶像练习生:200:11 | html:位置测评阶段:王艺龙 偶像练习生:200:7 | html:排名发布阶段:王艺龙 偶像练习生:200:19 | html:合作舞台阶段:王艺龙 偶像练习生:200:22 | html:总决赛阶段:王艺龙 偶像练习生:200:23,1,6,6
idol_producer_074,甘俊,,0,9,224,1619,1222,html:初评级阶段:甘俊 偶像练习生:200:15 | html:主题曲考核阶段:甘俊 偶像练习生:200:15 | html:位置测评阶段:甘俊 偶像练习生:200:11 | html:排名发布阶段:甘俊 偶像练习生:200:11 | html:合作舞台阶段:甘俊 偶像练习生:200:15 | html:总决赛阶段:甘俊 偶像练习生:200:12,1,6,6
idol_producer_075,秦子墨,,0,53,4835,2704,4663,html:初评级阶段:秦子墨 偶像练习生:200:11 | html:主题曲考核阶段:秦子墨 偶像练习生:200:7 | html:位置测评阶段:秦子墨 偶像练习生:200:9 | html:排名发布阶段:秦子墨 偶像练习生:200:19 | html:合作舞台阶段:秦子墨 偶像练习生:200:18 | html:总决赛阶段:秦子墨 偶像练习生:200:14,1,6,6
idol_producer_076,罗仁麒,,0,31,44,136,330,html:初评级阶段:罗仁麒 偶像练习生:200:11 | html:主题曲考核阶段:罗仁麒 偶像练习生:200:14 | html:位置测评阶段:罗仁麒 偶像练习生:200:15 | html:排名发布阶段:罗仁麒 偶像练习生:200:13 | html:合作舞台阶段:罗仁麒 偶像练习生:200:20 | html:总决赛阶段:罗仁麒 偶像练习生:200:13,1,6,6
idol_producer_077,罗杰,,0,41,329,1636,1241,html:初评级阶段:罗杰 偶像练习生:200:11 | html:主题曲考核阶段:罗杰 偶像练习生:200:11 | html:位置测评阶段:罗杰 偶像练习生:200:12 | html:排名发布阶段:罗杰 偶像练习生:200:15 | html:合作舞台阶段:罗杰 偶像练习生:200:8 | html:总决赛阶段:罗杰 偶像练习生:200:29,1,6,6
idol_producer_078,罗正,,0,70,2993,3026,9539,html:初评级阶段:罗正 偶像练习生:200:7 | html:主题曲考核阶段:罗正 偶像练习生:200:11 | html:位置测评阶段:罗正 偶像练习生:200:8 | html:排名发布阶段:罗正 偶像练习生:200:25 | html:合作舞台阶段:罗正 偶像练习生:200:17 | html:总决赛阶段:罗正 偶像练习生:200:22,1,6,6
idol_producer_079,胡致邦,,0,57,163,3534,1334,html:初评级阶段:胡致邦 偶像练习生:200:8 | html:主题曲考核阶段:胡致邦 偶像练习生:200:15 | html:位置测评阶段:胡致邦 偶像练习生:200:11 | html:排名发布阶段:胡致邦 偶像练习生:200:17 | html:合作舞台阶段:胡致邦 偶像练习生:200:22 | html:总决赛阶段:胡致邦 偶像练习生:200:19,1,6,6
idol_producer_080,董岩磊,,0,63,2120,818,4624,html:初评级阶段:董岩磊 偶像练习生:200:13 | html:主题曲考核阶段:董岩磊 偶像练习生:200:8 | html:位置测评阶段:董岩磊 偶像练习生:200:11 | html:排名发布阶段:董岩磊 偶像练习生:200:14 | html:合作舞台阶段:董岩磊 偶像练习生:200:21 | html:总决赛阶段:董岩磊 偶像练习生:200:16,1,6,6
idol_producer_081,覃俊毅,,0,60,557,776,1957,html:初评级阶段:覃俊毅 偶像练习生:200:15 | html:主题曲考核阶段:覃俊毅 偶像练习生:200:7 | html:位置测评阶段:覃俊毅 偶像练习生:200:13 | html:排名发布阶段:覃俊毅 偶像练习生:200:18 | html:合作舞台阶段:覃俊毅 偶像练习生:200:25 | html:总决赛阶段:覃俊毅 偶像练习生:200:12,1,6,6
idol_producer_082,许凯皓,,0,56,108,860,9169,html:初评级阶段:许凯皓 偶像练习生:200:15 | html:主题曲考核阶段:许凯皓 偶像练习生:200:15 | html:位置测评阶段:许凯皓 偶像练习生:200:11 | html:排名发布阶段:许凯皓 偶像练习生:200:16 | html:合作舞台阶段:许凯皓 偶像练习生:200:21 | html:总决赛阶段:许凯皓 偶像练习生:200:18,1,6,6
idol_producer_083,贝汯璘,,0,89,18070,14377,27330,html:初评级阶段:贝汯璘 偶像练习生:200:19 | html:主题曲考核阶段:贝汯璘 偶像练习生:200:15 | html:位置测评阶段:贝汯璘 偶像练习生:200:14 | html:排名发布阶段:贝汯璘 偶像练习生:200:15 | html:合作舞台阶段:贝汯璘 偶像练习生:200:19 | html:总决赛阶段:贝汯璘 偶像练习生:200:22,1,6,6
idol_producer_084,赵俞澈,,0,41,719,2732,3714,html:初评级阶段:赵俞澈 偶像练习生:200:11 | html:主题曲考核阶段:赵俞澈 偶像练习生:200:8 | html:位置测评阶段:赵俞澈 偶像练习生:200:9 | html:排名发布阶段:赵俞澈 偶像练习生:200:15 | html:合作舞台阶段:赵俞澈 偶像练习生:200:14 | html:总决赛阶段:赵俞澈 偶像练习生:200:24,1,6,6
idol_producer_085,赵凌峰,,0,40,358,2682,2506,html:初评级阶段:赵凌峰 偶像练习生:200:8 | html:主题曲考核阶段:赵凌峰 偶像练习生:200:7 | html:位置测评阶段:赵凌峰 偶像练习生:200:7 | html:排名发布阶段:赵凌峰 偶像练习生:200:12 | html:合作舞台阶段:赵凌峰 偶像练习生:200:12 | html:总决赛阶段:赵凌峰 偶像练习生:200:29,1,6,6
idol_producer_086,邓烺怡,,0,70,981,3836,7225,html:初评级阶段:邓烺怡 偶像练习生:200:7 | html:主题曲考核阶段:邓烺怡 偶像练习生:200:28 | html:位置测评阶段:邓烺怡 偶像练习生:200:15 | html:排名发布阶段:邓烺怡 偶像练习生:200:9 | html:合作舞台阶段:邓烺怡 偶像练习生:200:14 | html:总决赛阶段:邓烺怡 偶像练习生:200:17,1,6,6
idol_producer_087,邱治谐,,0,48,16177,11642,26566,html:初评级阶段:邱治谐 偶像练习生:200:12 | html:主题曲考核阶段:邱治谐 偶像练习生:200:15 | html:位置测评阶段:邱治谐 偶像练习生:200:10 | html:排名发布阶段:邱治谐 偶像练习生:200:12 | html:合作舞台阶段:邱治谐 偶像练习生:200:14 | html:总决赛阶段:邱治谐 偶像练习生:200:20,1,6,6
idol_producer_088,金逸涵,,0,35,4380,9966,27914,html:初评级阶段:金逸涵 偶像练习生:200:10 | html:主题曲考核阶段:金逸涵 偶像练习生:200:7 | html:位置测评阶段:金逸涵 偶像练习生:200:11 | html:排名发布阶段:金逸涵 偶像练习生:200:12 | html:合作舞台阶段:金逸涵 偶像练习生:200:14 | html:总决赛阶段:金逸涵 偶像练习生:200:16,1,6,6
idol_producer_089,闵喆祥,,0,24,233,1803,2635,html:初评级阶段:闵喆祥 偶像练习生:200:14 | html:主题曲考核阶段:闵喆祥 偶像练习生:200:15 | html:位置测评阶段:闵喆祥 偶像练习生:200:12 | html:排名发布阶段:闵喆祥 偶像练习生:200:12 | html:合作舞台阶段:闵喆祥 偶像练习生:200:13 | html:总决赛阶段:闵喆祥 偶像练习生:200:13,1,6,6
idol_producer_090,陆定昊,,0,76,44149,14106,45039,html:初评级阶段:陆定昊 偶像练习生:200:13 | html:主题曲考核阶段:陆定昊 偶像练习生:200:11 | html:位置测评阶段:陆定昊 偶像练习生:200:8 | html:排名发布阶段:陆定昊 偶像练习生:200:22 | html:合作舞台阶段:陆定昊 偶像练习生:200:18 | html:总决赛阶段:陆定昊 偶像练习生:200:29,1,6,6
idol_producer_091,陈义夫,,0,10,298,1651,1160,html:初评级阶段:陈义夫 偶像练习生:200:11 | html:主题曲考核阶段:陈义夫 偶像练习生:200:11 | html:位置测评阶段:陈义夫 偶像练习生:200:11 | html:排名发布阶段:陈义夫 偶像练习生:200:12 | html:合作舞台阶段:陈义夫 偶像练习生:200:13 | html:总决赛阶段:陈义夫 偶像练习生:200:12,1,6,6
idol_producer_092,陈名豪,,0,63,10864,3362,4837,html:初评级阶段:陈名豪 偶像练习生:200:11 | html:主题曲考核阶段:陈名豪 偶像练习生:200:12 | html:位置测评阶段:陈名豪 偶像练习生:200:10 | html:排名发布阶段:陈名豪 偶像练习生:200:15 | html:合作舞台阶段:陈名豪 偶像练习生:200:19 | html:总决赛阶段:陈名豪 偶像练习生:200:16,1,6,6
idol_producer_093,陈斯琪,,0,74,585,1604,3807,html:初评级阶段:陈斯琪 偶像练习生:200:11 | html:主题曲考核阶段:陈斯琪 偶像练习生:200:13 | html:位置测评阶段:陈斯琪 偶像练习生:200:12 | html:排名发布阶段:陈斯琪 偶像练习生:200:20 | html:合作舞台阶段:陈斯琪 偶像练习生:200:18 | html:总决赛阶段:陈斯琪 偶像练习生:200:30,1,6,6
idol_producer_094,靖佩瑶,,0,72,2484,1676,2369,html:初评级阶段:靖佩瑶 偶像练习生:200:7 | html:主题曲考核阶段:靖佩瑶 偶像练习生:200:11 | html:位置测评阶段:靖佩瑶 偶像练习生:200:13 | html:排名发布阶段:靖佩瑶 偶像练习生:200:13 | html:合作舞台阶段:靖佩瑶 偶像练习生:200:20 | html:总决赛阶段:靖佩瑶 偶像练习生:200:23,1,6,6
idol_producer_095,韩沐伯,,0,74,53,40,218,html:初评级阶段:韩沐伯 偶像练习生:200:11 | html:主题曲考核阶段:韩沐伯 偶像练习生:200:11 | html:位置测评阶段:韩沐伯 偶像练习生:200:15 | html:排名发布阶段:韩沐伯 偶像练习生:200:20 | html:合作舞台阶段:韩沐伯 偶像练习生:200:23 | html:总决赛阶段:韩沐伯 偶像练习生:200:29,1,6,6
idol_producer_096,韩雍杰,,0,73,443,324,1512,html:初评级阶段:韩雍杰 偶像练习生:200:10 | html:主题曲考核阶段:韩雍杰 偶像练习生:200:7 | html:位置测评阶段:韩雍杰 偶像练习生:200:13 | html:排名发布阶段:韩雍杰 偶像练习生:200:11 | html:合作舞台阶段:韩雍杰 偶像练习生:200:18 | html:总决赛阶段:韩雍杰 偶像练习生:200:29,1,6,6
idol_producer_097,高茂桐,,0,48,10497,8839,19129,html:初评级阶段:高茂桐 偶像练习生:200:11 | html:主题曲考核阶段:高茂桐 偶像练习生:200:15 | html:位置测评阶段:高茂桐 偶像练习生:200:6 | html:排名发布阶段:高茂桐 偶像练习生:200:14 | html:合作舞台阶段:高茂桐 偶像练习生:200:16 | html:总决赛阶段:高茂桐 偶像练习生:200:21,1,6,6
idol_producer_098,黄书豪,,0,79,401,1086,2460,html:初评级阶段:黄书豪 偶像练习生:200:3 | html:主题曲考核阶段:黄书豪 偶像练习生:200:11 | html:位置测评阶段:黄书豪 偶像练习生:200:9 | html:排名发布阶段:黄书豪 偶像练习生:200:27 | html:合作舞台阶段:黄书豪 偶像练习生:200:19 | html:总决赛阶段:黄书豪 偶像练习生:200:25,1,6,6
idol_producer_099,黄新淳,,0,69,3006,3840,12331,html:初评级阶段:黄新淳 偶像练习生:200:7 | html:主题曲考核阶段:黄新淳 偶像练习生:200:9 | html:位置测评阶段:黄新淳 偶像练习生:200:9 | html:排名发布阶段:黄新淳 偶像练习生:200:19 | html:合作舞台阶段:黄新淳 偶像练习生:200:17 | html:总决赛阶段:黄新淳 偶像练习生:200:18,1,6,6
idol_producer_100,黄若涵,,0,25,606,2423,4840,html:初评级阶段:黄若涵 偶像练习生:200:11 | html:主题曲考核阶段:黄若涵 偶像练习生:200:11 | html:位置测评阶段:黄若涵 偶像练习生:200:7 | html:排名发布阶段:黄若涵 偶像练习生:200:12 | html:合作舞台阶段:黄若涵 偶像练习生:200:17 | html:总决赛阶段:黄若涵 偶像练习生:200:17,1,6,6
